center_lon,center_lat,value,count,v0_lon,v0_lat,v1_lon,v1_lat,v2_lon,v2_lat,v3_lon,v3_lat,v4_lon,v4_lat,v5_lon,v5_lat
138.98343749831812,35.25893518518518,0.052515191066739846,1.0,139.00679687336483,35.25006172839505,139.00679687336483,35.26780864197531,138.98343749831812,35.27668209876543,138.96007812327142,35.26780864197531,138.96007812327142,35.25006172839505,138.98343749831812,35.24118827160493
138.98343749831812,35.95106481481481,0.2587434446583978,1.0,139.00679687336483,35.94219135802469,139.00679687336483,35.95993827160494,138.98343749831812,35.96881172839506,138.96007812327142,35.95993827160494,138.96007812327142,35.94219135802469,138.98343749831812,35.93331790123457
139.03015624841157,35.20569444444444,0.0,1.0,139.05351562345828,35.19682098765431,139.05351562345828,35.21456790123457,139.03015624841157,35.22344135802469,139.00679687336486,35.21456790123457,139.00679687336486,35.19682098765431,139.03015624841157,35.18794753086419
139.03015624841157,35.25893518518518,0.09483662480829819,3.0,139.05351562345828,35.25006172839505,139.05351562345828,35.26780864197531,139.03015624841157,35.27668209876543,139.00679687336486,35.26780864197531,139.00679687336486,35.25006172839505,139.03015624841157,35.24118827160493
139.03015624841157,35.36541666666666,0.02742341259263196,1.0,139.05351562345828,35.356543209876534,139.05351562345828,35.37429012345679,139.03015624841157,35.38316358024691,139.00679687336486,35.37429012345679,139.00679687336486,35.356543209876534,139.03015624841157,35.347669753086414
139.03015624841157,35.95106481481481,0.18571184815301314,12.0,139.05351562345828,35.94219135802469,139.05351562345828,35.95993827160494,139.03015624841157,35.96881172839506,139.00679687336486,35.95993827160494,139.00679687336486,35.94219135802469,139.03015624841157,35.93331790123457
139.03015624841157,36.004305555555554,0.3366945950127757,15.0,139.05351562345828,35.99543209876543,139.05351562345828,36.01317901234568,139.03015624841157,36.0220524691358,139.00679687336486,36.01317901234568,139.00679687336486,35.99543209876543,139.03015624841157,35.98655864197531
139.03015624841157,36.057546296296294,0.300514743137146,6.0,139.05351562345828,36.04867283950617,139.05351562345828,36.06641975308642,139.03015624841157,36.07529320987654,139.00679687336486,36.06641975308642,139.00679687336486,36.04867283950617,139.03015624841157,36.03979938271605
139.076874998505,35.1524537037037,0.01738652574995992,9.0,139.1002343735517,35.14358024691357,139.1002343735517,35.161327160493826,139.076874998505,35.170200617283946,139.05351562345828,35.161327160493826,139.05351562345828,35.14358024691357,139.076874998505,35.13470679012345
139.076874998505,35.31217592592592,0.4640446837767466,3.0,139.1002343735517,35.303302469135794,139.1002343735517,35.32104938271605,139.076874998505,35.32992283950617,139.05351562345828,35.32104938271605,139.05351562345828,35.303302469135794,139.076874998505,35.294429012345674
139.076874998505,35.36541666666666,0.22047128489241022,11.0,139.1002343735517,35.356543209876534,139.1002343735517,35.37429012345679,139.076874998505,35.38316358024691,139.05351562345828,35.37429012345679,139.05351562345828,35.356543209876534,139.076874998505,35.347669753086414
139.076874998505,36.004305555555554,0.2508821671874429,35.0,139.1002343735517,35.99543209876543,139.1002343735517,36.01317901234568,139.076874998505,36.0220524691358,139.05351562345828,36.01317901234568,139.05351562345828,35.99543209876543,139.076874998505,35.98655864197531
139.076874998505,36.057546296296294,0.3445738937849431,18.0,139.1002343735517,36.04867283950617,139.1002343735517,36.06641975308642,139.076874998505,36.07529320987654,139.05351562345828,36.06641975308642,139.05351562345828,36.04867283950617,139.076874998505,36.03979938271605
139.076874998505,36.110787037037035,0.33814838174348677,1.0,139.1002343735517,36.10191358024691,139.1002343735517,36.11966049382716,139.076874998505,36.12853395061728,139.05351562345828,36.11966049382716,139.05351562345828,36.10191358024691,139.076874998505,36.09304012345679
139.076874998505,36.164027777777775,0.306453393698474,7.0,139.1002343735517,36.15515432098765,139.1002343735517,36.1729012345679,139.076874998505,36.18177469135802,139.05351562345828,36.1729012345679,139.05351562345828,36.15515432098765,139.076874998505,36.14628086419753
139.076874998505,36.217268518518516,0.3284123795867939,9.0,139.1002343735517,36.20839506172839,139.1002343735517,36.22614197530864,139.076874998505,36.23501543209876,139.05351562345828,36.22614197530864,139.05351562345828,36.20839506172839,139.076874998505,36.19952160493827
139.12359374859844,35.1524537037037,0.01557059530206017,25.0,139.14695312364515,35.14358024691357,139.14695312364515,35.161327160493826,139.12359374859844,35.170200617283946,139.10023437355173,35.161327160493826,139.10023437355173,35.14358024691357,139.12359374859844,35.13470679012345
139.12359374859844,35.20569444444444,0.30182571708875955,1.0,139.14695312364515,35.19682098765431,139.14695312364515,35.21456790123457,139.12359374859844,35.22344135802469,139.10023437355173,35.21456790123457,139.10023437355173,35.19682098765431,139.12359374859844,35.18794753086419
139.12359374859844,35.25893518518518,0.4422263337053216,16.0,139.14695312364515,35.25006172839505,139.14695312364515,35.26780864197531,139.12359374859844,35.27668209876543,139.10023437355173,35.26780864197531,139.10023437355173,35.25006172839505,139.12359374859844,35.24118827160493
139.12359374859844,35.31217592592592,0.4090464103522543,46.0,139.14695312364515,35.303302469135794,139.14695312364515,35.32104938271605,139.12359374859844,35.32992283950617,139.10023437355173,35.32104938271605,139.10023437355173,35.303302469135794,139.12359374859844,35.294429012345674
139.12359374859844,35.36541666666666,0.4226754821858347,6.0,139.14695312364515,35.356543209876534,139.14695312364515,35.37429012345679,139.12359374859844,35.38316358024691,139.10023437355173,35.37429012345679,139.10023437355173,35.356543209876534,139.12359374859844,35.347669753086414
139.12359374859844,36.004305555555554,0.36753042809341196,12.0,139.14695312364515,35.99543209876543,139.14695312364515,36.01317901234568,139.12359374859844,36.0220524691358,139.10023437355173,36.01317901234568,139.10023437355173,35.99543209876543,139.12359374859844,35.98655864197531
139.12359374859844,36.057546296296294,0.41214530587112796,1.0,139.14695312364515,36.04867283950617,139.14695312364515,36.06641975308642,139.12359374859844,36.07529320987654,139.10023437355173,36.06641975308642,139.10023437355173,36.04867283950617,139.12359374859844,36.03979938271605
139.12359374859844,36.110787037037035,0.19837002572005738,15.0,139.14695312364515,36.10191358024691,139.14695312364515,36.11966049382716,139.12359374859844,36.12853395061728,139.10023437355173,36.11966049382716,139.10023437355173,36.10191358024691,139.12359374859844,36.09304012345679
139.12359374859844,36.164027777777775,0.43841518771698834,7.0,139.14695312364515,36.15515432098765,139.14695312364515,36.1729012345679,139.12359374859844,36.18177469135802,139.10023437355173,36.1729012345679,139.10023437355173,36.15515432098765,139.12359374859844,36.14628086419753
139.12359374859844,36.217268518518516,0.4839542470984655,28.0,139.14695312364515,36.20839506172839,139.14695312364515,36.22614197530864,139.12359374859844,36.23501543209876,139.10023437355173,36.22614197530864,139.10023437355173,36.20839506172839,139.12359374859844,36.19952160493827
139.17031249869189,35.25893518518518,0.3151796493043154,27.0,139.1936718737386,35.25006172839505,139.1936718737386,35.26780864197531,139.17031249869189,35.27668209876543,139.14695312364518,35.26780864197531,139.14695312364518,35.25006172839505,139.17031249869189,35.24118827160493
139.17031249869189,35.31217592592592,0.43420206046651877,28.0,139.1936718737386,35.303302469135794,139.1936718737386,35.32104938271605,139.17031249869189,35.32992283950617,139.14695312364518,35.32104938271605,139.14695312364518,35.303302469135794,139.17031249869189,35.294429012345674
139.17031249869189,35.36541666666666,0.3118080226849852,19.0,139.1936718737386,35.356543209876534,139.1936718737386,35.37429012345679,139.17031249869189,35.38316358024691,139.14695312364518,35.37429012345679,139.14695312364518,35.356543209876534,139.17031249869189,35.347669753086414
139.17031249869189,35.4186574074074,0.44139544276693693,3.0,139.1936718737386,35.409783950617275,139.1936718737386,35.42753086419753,139.17031249869189,35.43640432098765,139.14695312364518,35.42753086419753,139.14695312364518,35.409783950617275,139.17031249869189,35.400910493827155
139.17031249869189,36.057546296296294,0.08206574377433,1.0,139.1936718737386,36.04867283950617,139.1936718737386,36.06641975308642,139.17031249869189,36.07529320987654,139.14695312364518,36.06641975308642,139.14695312364518,36.04867283950617,139.17031249869189,36.03979938271605
139.17031249869189,36.110787037037035,0.2756593448666771,15.0,139.1936718737386,36.10191358024691,139.1936718737386,36.11966049382716,139.17031249869189,36.12853395061728,139.14695312364518,36.11966049382716,139.14695312364518,36.10191358024691,139.17031249869189,36.09304012345679
139.17031249869189,36.164027777777775,0.38056302706034756,19.0,139.1936718737386,36.15515432098765,139.1936718737386,36.1729012345679,139.17031249869189,36.18177469135802,139.14695312364518,36.1729012345679,139.14695312364518,36.15515432098765,139.17031249869189,36.14628086419753
139.17031249869189,36.217268518518516,0.4761960778300557,30.0,139.1936718737386,36.20839506172839,139.1936718737386,36.22614197530864,139.17031249869189,36.23501543209876,139.14695312364518,36.22614197530864,139.14695312364518,36.20839506172839,139.17031249869189,36.19952160493827
139.2170312487853,35.25893518518518,0.4628010720452127,1.0,139.240390623832,35.25006172839505,139.240390623832,35.26780864197531,139.2170312487853,35.27668209876543,139.1936718737386,35.26780864197531,139.1936718737386,35.25006172839505,139.2170312487853,35.24118827160493
139.2170312487853,35.31217592592592,0.4479277755126545,17.0,139.240390623832,35.303302469135794,139.240390623832,35.32104938271605,139.2170312487853,35.32992283950617,139.1936718737386,35.32104938271605,139.1936718737386,35.303302469135794,139.2170312487853,35.294429012345674
139.2170312487853,35.36541666666666,0.3632818511369383,34.0,139.240390623832,35.356543209876534,139.240390623832,35.37429012345679,139.2170312487853,35.38316358024691,139.1936718737386,35.37429012345679,139.1936718737386,35.356543209876534,139.2170312487853,35.347669753086414
139.2170312487853,35.4186574074074,0.3167689777977272,1.0,139.240390623832,35.409783950617275,139.240390623832,35.42753086419753,139.2170312487853,35.43640432098765,139.1936718737386,35.42753086419753,139.1936718737386,35.409783950617275,139.2170312487853,35.400910493827155
139.2170312487853,35.52513888888888,0.11340725409482878,3.0,139.240390623832,35.516265432098756,139.240390623832,35.53401234567901,139.2170312487853,35.54288580246913,139.1936718737386,35.53401234567901,139.1936718737386,35.516265432098756,139.2170312487853,35.507391975308636
139.2170312487853,35.57837962962962,0.18706243930547758,7.0,139.240390623832,35.569506172839496,139.240390623832,35.58725308641975,139.2170312487853,35.59612654320987,139.1936718737386,35.58725308641975,139.1936718737386,35.569506172839496,139.2170312487853,35.560632716049376
139.2170312487853,35.63162037037037,0.07027518663978999,2.0,139.240390623832,35.622746913580244,139.240390623832,35.6404938271605,139.2170312487853,35.64936728395062,139.1936718737386,35.6404938271605,139.1936718737386,35.622746913580244,139.2170312487853,35.613873456790124
139.2170312487853,35.68486111111111,0.16263363387860688,1.0,139.240390623832,35.675987654320984,139.240390623832,35.69373456790124,139.2170312487853,35.70260802469136,139.1936718737386,35.69373456790124,139.1936718737386,35.675987654320984,139.2170312487853,35.667114197530864
139.2170312487853,35.73810185185185,0.32773015100881714,21.0,139.240390623832,35.729228395061725,139.240390623832,35.74697530864198,139.2170312487853,35.7558487654321,139.1936718737386,35.74697530864198,139.1936718737386,35.729228395061725,139.2170312487853,35.720354938271605
139.2170312487853,35.79134259259259,0.04762956758821018,18.0,139.240390623832,35.782469135802465,139.240390623832,35.80021604938272,139.2170312487853,35.80908950617284,139.1936718737386,35.80021604938272,139.1936718737386,35.782469135802465,139.2170312487853,35.773595679012345
139.2170312487853,35.84458333333333,0.0008847716904973445,2.0,139.240390623832,35.835709876543206,139.240390623832,35.85345679012346,139.2170312487853,35.86233024691358,139.1936718737386,35.85345679012346,139.1936718737386,35.835709876543206,139.2170312487853,35.826836419753086
139.2170312487853,36.004305555555554,0.161986750645084,1.0,139.240390623832,35.99543209876543,139.240390623832,36.01317901234568,139.2170312487853,36.0220524691358,139.1936718737386,36.01317901234568,139.1936718737386,35.99543209876543,139.2170312487853,35.98655864197531
139.2170312487853,36.057546296296294,0.11524488130366642,6.0,139.240390623832,36.04867283950617,139.240390623832,36.06641975308642,139.2170312487853,36.07529320987654,139.1936718737386,36.06641975308642,139.1936718737386,36.04867283950617,139.2170312487853,36.03979938271605
139.2170312487853,36.110787037037035,0.3655234239497119,34.0,139.240390623832,36.10191358024691,139.240390623832,36.11966049382716,139.2170312487853,36.12853395061728,139.1936718737386,36.11966049382716,139.1936718737386,36.10191358024691,139.2170312487853,36.09304012345679
139.2170312487853,36.164027777777775,0.42300581150196526,16.0,139.240390623832,36.15515432098765,139.240390623832,36.1729012345679,139.2170312487853,36.18177469135802,139.1936718737386,36.1729012345679,139.1936718737386,36.15515432098765,139.2170312487853,36.14628086419753
139.2170312487853,36.217268518518516,0.3581515266977211,26.0,139.240390623832,36.20839506172839,139.240390623832,36.22614197530864,139.2170312487853,36.23501543209876,139.1936718737386,36.22614197530864,139.1936718737386,36.20839506172839,139.2170312487853,36.19952160493827
139.26374999887875,35.31217592592592,0.26043669768712674,33.0,139.28710937392546,35.303302469135794,139.28710937392546,35.32104938271605,139.26374999887875,35.32992283950617,139.24039062383204,35.32104938271605,139.24039062383204,35.303302469135794,139.26374999887875,35.294429012345674
139.26374999887875,35.36541666666666,0.29376916275190207,43.0,139.28710937392546,35.356543209876534,139.28710937392546,35.37429012345679,139.26374999887875,35.38316358024691,139.24039062383204,35.37429012345679,139.24039062383204,35.356543209876534,139.26374999887875,35.347669753086414
139.26374999887875,35.4186574074074,0.2990183825666763,7.0,139.28710937392546,35.409783950617275,139.28710937392546,35.42753086419753,139.26374999887875,35.43640432098765,139.24039062383204,35.42753086419753,139.24039062383204,35.409783950617275,139.26374999887875,35.400910493827155
139.26374999887875,35.47189814814814,0.37842032546054694,4.0,139.28710937392546,35.463024691358015,139.28710937392546,35.48077160493827,139.26374999887875,35.48964506172839,139.24039062383204,35.48077160493827,139.24039062383204,35.463024691358015,139.26374999887875,35.454151234567895
139.26374999887875,35.52513888888888,0.2947264645386402,8.0,139.28710937392546,35.516265432098756,139.28710937392546,35.53401234567901,139.26374999887875,35.54288580246913,139.24039062383204,35.53401234567901,139.24039062383204,35.516265432098756,139.26374999887875,35.507391975308636
139.26374999887875,35.57837962962962,0.3418739532736713,28.0,139.28710937392546,35.569506172839496,139.28710937392546,35.58725308641975,139.26374999887875,35.59612654320987,139.24039062383204,35.58725308641975,139.24039062383204,35.569506172839496,139.26374999887875,35.560632716049376
139.26374999887875,35.63162037037037,0.20771897938368647,13.0,139.28710937392546,35.622746913580244,139.28710937392546,35.6404938271605,139.26374999887875,35.64936728395062,139.24039062383204,35.6404938271605,139.24039062383204,35.622746913580244,139.26374999887875,35.613873456790124
139.26374999887875,35.68486111111111,0.2988932785289153,33.0,139.28710937392546,35.675987654320984,139.28710937392546,35.69373456790124,139.26374999887875,35.70260802469136,139.24039062383204,35.69373456790124,139.24039062383204,35.675987654320984,139.26374999887875,35.667114197530864
139.26374999887875,35.73810185185185,0.3115515290638153,36.0,139.28710937392546,35.729228395061725,139.28710937392546,35.74697530864198,139.26374999887875,35.7558487654321,139.24039062383204,35.74697530864198,139.24039062383204,35.729228395061725,139.26374999887875,35.720354938271605
139.26374999887875,35.79134259259259,0.23656165615187233,35.0,139.28710937392546,35.782469135802465,139.28710937392546,35.80021604938272,139.26374999887875,35.80908950617284,139.24039062383204,35.80021604938272,139.24039062383204,35.782469135802465,139.26374999887875,35.773595679012345
139.26374999887875,35.84458333333333,0.41621412711820965,7.0,139.28710937392546,35.835709876543206,139.28710937392546,35.85345679012346,139.26374999887875,35.86233024691358,139.24039062383204,35.85345679012346,139.24039062383204,35.835709876543206,139.26374999887875,35.826836419753086
139.26374999887875,35.89782407407407,0.15942117437470837,5.0,139.28710937392546,35.888950617283946,139.28710937392546,35.9066975308642,139.26374999887875,35.91557098765432,139.24039062383204,35.9066975308642,139.24039062383204,35.888950617283946,139.26374999887875,35.880077160493826
139.26374999887875,36.004305555555554,0.2425491690820688,11.0,139.28710937392546,35.99543209876543,139.28710937392546,36.01317901234568,139.26374999887875,36.0220524691358,139.24039062383204,36.01317901234568,139.24039062383204,35.99543209876543,139.26374999887875,35.98655864197531
139.26374999887875,36.057546296296294,0.12367084633255282,30.0,139.28710937392546,36.04867283950617,139.28710937392546,36.06641975308642,139.26374999887875,36.07529320987654,139.24039062383204,36.06641975308642,139.24039062383204,36.04867283950617,139.26374999887875,36.03979938271605
139.26374999887875,36.110787037037035,0.3905899408901787,25.0,139.28710937392546,36.10191358024691,139.28710937392546,36.11966049382716,139.26374999887875,36.12853395061728,139.24039062383204,36.11966049382716,139.24039062383204,36.10191358024691,139.26374999887875,36.09304012345679
139.26374999887875,36.164027777777775,0.5581143471918578,39.0,139.28710937392546,36.15515432098765,139.28710937392546,36.1729012345679,139.26374999887875,36.18177469135802,139.24039062383204,36.1729012345679,139.24039062383204,36.15515432098765,139.26374999887875,36.14628086419753
139.26374999887875,36.217268518518516,0.299965846877718,31.0,139.28710937392546,36.20839506172839,139.28710937392546,36.22614197530864,139.26374999887875,36.23501543209876,139.24039062383204,36.22614197530864,139.24039062383204,36.20839506172839,139.26374999887875,36.19952160493827
139.3104687489722,35.31217592592592,0.36524663017778936,22.0,139.3338281240189,35.303302469135794,139.3338281240189,35.32104938271605,139.3104687489722,35.32992283950617,139.2871093739255,35.32104938271605,139.2871093739255,35.303302469135794,139.3104687489722,35.294429012345674
139.3104687489722,35.36541666666666,0.44005461907669263,34.0,139.3338281240189,35.356543209876534,139.3338281240189,35.37429012345679,139.3104687489722,35.38316358024691,139.2871093739255,35.37429012345679,139.2871093739255,35.356543209876534,139.3104687489722,35.347669753086414
139.3104687489722,35.4186574074074,0.41422397217164314,33.0,139.3338281240189,35.409783950617275,139.3338281240189,35.42753086419753,139.3104687489722,35.43640432098765,139.2871093739255,35.42753086419753,139.2871093739255,35.409783950617275,139.3104687489722,35.400910493827155
139.3104687489722,35.47189814814814,0.46451298305011746,22.0,139.3338281240189,35.463024691358015,139.3338281240189,35.48077160493827,139.3104687489722,35.48964506172839,139.2871093739255,35.48077160493827,139.2871093739255,35.463024691358015,139.3104687489722,35.454151234567895
139.3104687489722,35.52513888888888,0.4996860590918377,23.0,139.3338281240189,35.516265432098756,139.3338281240189,35.53401234567901,139.3104687489722,35.54288580246913,139.2871093739255,35.53401234567901,139.2871093739255,35.516265432098756,139.3104687489722,35.507391975308636
139.3104687489722,35.57837962962962,0.42767313938094365,24.0,139.3338281240189,35.569506172839496,139.3338281240189,35.58725308641975,139.3104687489722,35.59612654320987,139.2871093739255,35.58725308641975,139.2871093739255,35.569506172839496,139.3104687489722,35.560632716049376
139.3104687489722,35.63162037037037,0.2836996271513427,39.0,139.3338281240189,35.622746913580244,139.3338281240189,35.6404938271605,139.3104687489722,35.64936728395062,139.2871093739255,35.6404938271605,139.2871093739255,35.622746913580244,139.3104687489722,35.613873456790124
139.3104687489722,35.68486111111111,0.340455273405855,39.0,139.3338281240189,35.675987654320984,139.3338281240189,35.69373456790124,139.3104687489722,35.70260802469136,139.2871093739255,35.69373456790124,139.2871093739255,35.675987654320984,139.3104687489722,35.667114197530864
139.3104687489722,35.73810185185185,0.4136806301708237,42.0,139.3338281240189,35.729228395061725,139.3338281240189,35.74697530864198,139.3104687489722,35.7558487654321,139.2871093739255,35.74697530864198,139.2871093739255,35.729228395061725,139.3104687489722,35.720354938271605
139.3104687489722,35.79134259259259,0.3582244813183968,34.0,139.3338281240189,35.782469135802465,139.3338281240189,35.80021604938272,139.3104687489722,35.80908950617284,139.2871093739255,35.80021604938272,139.2871093739255,35.782469135802465,139.3104687489722,35.773595679012345
139.3104687489722,35.84458333333333,0.31351095504265053,33.0,139.3338281240189,35.835709876543206,139.3338281240189,35.85345679012346,139.3104687489722,35.86233024691358,139.2871093739255,35.85345679012346,139.2871093739255,35.835709876543206,139.3104687489722,35.826836419753086
139.3104687489722,35.89782407407407,0.455086078686851,18.0,139.3338281240189,35.888950617283946,139.3338281240189,35.9066975308642,139.3104687489722,35.91557098765432,139.2871093739255,35.9066975308642,139.2871093739255,35.888950617283946,139.3104687489722,35.880077160493826
139.3104687489722,35.95106481481481,0.3225175983755995,31.0,139.3338281240189,35.94219135802469,139.3338281240189,35.95993827160494,139.3104687489722,35.96881172839506,139.2871093739255,35.95993827160494,139.2871093739255,35.94219135802469,139.3104687489722,35.93331790123457
139.3104687489722,36.004305555555554,0.27847429365295406,15.0,139.3338281240189,35.99543209876543,139.3338281240189,36.01317901234568,139.3104687489722,36.0220524691358,139.2871093739255,36.01317901234568,139.2871093739255,35.99543209876543,139.3104687489722,35.98655864197531
139.3104687489722,36.057546296296294,0.4875070562874787,22.0,139.3338281240189,36.04867283950617,139.3338281240189,36.06641975308642,139.3104687489722,36.07529320987654,139.2871093739255,36.06641975308642,139.2871093739255,36.04867283950617,139.3104687489722,36.03979938271605
139.3104687489722,36.110787037037035,0.669506629443994,17.0,139.3338281240189,36.10191358024691,139.3338281240189,36.11966049382716,139.3104687489722,36.12853395061728,139.2871093739255,36.11966049382716,139.2871093739255,36.10191358024691,139.3104687489722,36.09304012345679
139.3104687489722,36.164027777777775,0.48453914740772097,30.0,139.3338281240189,36.15515432098765,139.3338281240189,36.1729012345679,139.3104687489722,36.18177469135802,139.2871093739255,36.1729012345679,139.2871093739255,36.15515432098765,139.3104687489722,36.14628086419753
139.3104687489722,36.217268518518516,0.40719738772001735,20.0,139.3338281240189,36.20839506172839,139.3338281240189,36.22614197530864,139.3104687489722,36.23501543209876,139.2871093739255,36.22614197530864,139.2871093739255,36.20839506172839,139.3104687489722,36.19952160493827
139.35718749906562,35.31217592592592,0.4555834296085929,14.0,139.38054687411233,35.303302469135794,139.38054687411233,35.32104938271605,139.35718749906562,35.32992283950617,139.3338281240189,35.32104938271605,139.3338281240189,35.303302469135794,139.35718749906562,35.294429012345674
139.35718749906562,35.36541666666666,0.47897591638445847,39.0,139.38054687411233,35.356543209876534,139.38054687411233,35.37429012345679,139.35718749906562,35.38316358024691,139.3338281240189,35.37429012345679,139.3338281240189,35.356543209876534,139.35718749906562,35.347669753086414
139.35718749906562,35.4186574074074,0.41684074669691334,44.0,139.38054687411233,35.409783950617275,139.38054687411233,35.42753086419753,139.35718749906562,35.43640432098765,139.3338281240189,35.42753086419753,139.3338281240189,35.409783950617275,139.35718749906562,35.400910493827155
139.35718749906562,35.47189814814814,0.47095754129648776,42.0,139.38054687411233,35.463024691358015,139.38054687411233,35.48077160493827,139.35718749906562,35.48964506172839,139.3338281240189,35.48077160493827,139.3338281240189,35.463024691358015,139.35718749906562,35.454151234567895
139.35718749906562,35.52513888888888,0.49276468284309055,36.0,139.38054687411233,35.516265432098756,139.38054687411233,35.53401234567901,139.35718749906562,35.54288580246913,139.3338281240189,35.53401234567901,139.3338281240189,35.516265432098756,139.35718749906562,35.507391975308636
139.35718749906562,35.57837962962962,0.4093515954549307,45.0,139.38054687411233,35.569506172839496,139.38054687411233,35.58725308641975,139.35718749906562,35.59612654320987,139.3338281240189,35.58725308641975,139.3338281240189,35.569506172839496,139.35718749906562,35.560632716049376
139.35718749906562,35.63162037037037,0.3720967519432902,45.0,139.38054687411233,35.622746913580244,139.38054687411233,35.6404938271605,139.35718749906562,35.64936728395062,139.3338281240189,35.6404938271605,139.3338281240189,35.622746913580244,139.35718749906562,35.613873456790124
139.35718749906562,35.68486111111111,0.41406354258580885,44.0,139.38054687411233,35.675987654320984,139.38054687411233,35.69373456790124,139.35718749906562,35.70260802469136,139.3338281240189,35.69373456790124,139.3338281240189,35.675987654320984,139.35718749906562,35.667114197530864
139.35718749906562,35.73810185185185,0.3933808978391143,29.0,139.38054687411233,35.729228395061725,139.38054687411233,35.74697530864198,139.35718749906562,35.7558487654321,139.3338281240189,35.74697530864198,139.3338281240189,35.729228395061725,139.35718749906562,35.720354938271605
139.35718749906562,35.79134259259259,0.4472835360920953,31.0,139.38054687411233,35.782469135802465,139.38054687411233,35.80021604938272,139.35718749906562,35.80908950617284,139.3338281240189,35.80021604938272,139.3338281240189,35.782469135802465,139.35718749906562,35.773595679012345
139.35718749906562,35.84458333333333,0.3590800481502915,42.0,139.38054687411233,35.835709876543206,139.38054687411233,35.85345679012346,139.35718749906562,35.86233024691358,139.3338281240189,35.85345679012346,139.3338281240189,35.835709876543206,139.35718749906562,35.826836419753086
139.35718749906562,35.89782407407407,0.39670193879396914,45.0,139.38054687411233,35.888950617283946,139.38054687411233,35.9066975308642,139.35718749906562,35.91557098765432,139.3338281240189,35.9066975308642,139.3338281240189,35.888950617283946,139.35718749906562,35.880077160493826
139.35718749906562,35.95106481481481,0.36843527952107674,39.0,139.38054687411233,35.94219135802469,139.38054687411233,35.95993827160494,139.35718749906562,35.96881172839506,139.3338281240189,35.95993827160494,139.3338281240189,35.94219135802469,139.35718749906562,35.93331790123457
139.35718749906562,36.004305555555554,0.45827907771606097,8.0,139.38054687411233,35.99543209876543,139.38054687411233,36.01317901234568,139.35718749906562,36.0220524691358,139.3338281240189,36.01317901234568,139.3338281240189,35.99543209876543,139.35718749906562,35.98655864197531
139.35718749906562,36.057546296296294,0.5892275882868285,28.0,139.38054687411233,36.04867283950617,139.38054687411233,36.06641975308642,139.35718749906562,36.07529320987654,139.3338281240189,36.06641975308642,139.3338281240189,36.04867283950617,139.35718749906562,36.03979938271605
139.35718749906562,36.110787037037035,0.6563458380871011,33.0,139.38054687411233,36.10191358024691,139.38054687411233,36.11966049382716,139.35718749906562,36.12853395061728,139.3338281240189,36.11966049382716,139.3338281240189,36.10191358024691,139.35718749906562,36.09304012345679
139.35718749906562,36.164027777777775,0.48532474652208424,44.0,139.38054687411233,36.15515432098765,139.38054687411233,36.1729012345679,139.35718749906562,36.18177469135802,139.3338281240189,36.1729012345679,139.3338281240189,36.15515432098765,139.35718749906562,36.14628086419753
139.35718749906562,36.217268518518516,0.3529410512909627,28.0,139.38054687411233,36.20839506172839,139.38054687411233,36.22614197530864,139.35718749906562,36.23501543209876,139.3338281240189,36.22614197530864,139.3338281240189,36.20839506172839,139.35718749906562,36.19952160493827
139.40390624915906,35.31217592592592,0.3931568285321473,16.0,139.42726562420577,35.303302469135794,139.42726562420577,35.32104938271605,139.40390624915906,35.32992283950617,139.38054687411235,35.32104938271605,139.38054687411235,35.303302469135794,139.40390624915906,35.294429012345674
139.40390624915906,35.36541666666666,0.5014684020028085,39.0,139.42726562420577,35.356543209876534,139.42726562420577,35.37429012345679,139.40390624915906,35.38316358024691,139.38054687411235,35.37429012345679,139.38054687411235,35.356543209876534,139.40390624915906,35.347669753086414
139.40390624915906,35.4186574074074,0.5297165078539018,43.0,139.42726562420577,35.409783950617275,139.42726562420577,35.42753086419753,139.40390624915906,35.43640432098765,139.38054687411235,35.42753086419753,139.38054687411235,35.409783950617275,139.40390624915906,35.400910493827155
139.40390624915906,35.47189814814814,0.4399622866883769,45.0,139.42726562420577,35.463024691358015,139.42726562420577,35.48077160493827,139.40390624915906,35.48964506172839,139.38054687411235,35.48077160493827,139.38054687411235,35.463024691358015,139.40390624915906,35.454151234567895
139.40390624915906,35.52513888888888,0.3942067220237343,34.0,139.42726562420577,35.516265432098756,139.42726562420577,35.53401234567901,139.40390624915906,35.54288580246913,139.38054687411235,35.53401234567901,139.38054687411235,35.516265432098756,139.40390624915906,35.507391975308636
139.40390624915906,35.57837962962962,0.35444180512617995,36.0,139.42726562420577,35.569506172839496,139.42726562420577,35.58725308641975,139.40390624915906,35.59612654320987,139.38054687411235,35.58725308641975,139.38054687411235,35.569506172839496,139.40390624915906,35.560632716049376
139.40390624915906,35.63162037037037,0.29322136536054333,33.0,139.42726562420577,35.622746913580244,139.42726562420577,35.6404938271605,139.40390624915906,35.64936728395062,139.38054687411235,35.6404938271605,139.38054687411235,35.622746913580244,139.40390624915906,35.613873456790124
139.40390624915906,35.68486111111111,0.4052303978931233,44.0,139.42726562420577,35.675987654320984,139.42726562420577,35.69373456790124,139.40390624915906,35.70260802469136,139.38054687411235,35.69373456790124,139.38054687411235,35.675987654320984,139.40390624915906,35.667114197530864
139.40390624915906,35.73810185185185,0.32817600228135085,40.0,139.42726562420577,35.729228395061725,139.42726562420577,35.74697530864198,139.40390624915906,35.7558487654321,139.38054687411235,35.74697530864198,139.38054687411235,35.729228395061725,139.40390624915906,35.720354938271605
139.40390624915906,35.79134259259259,0.37700223325204996,29.0,139.42726562420577,35.782469135802465,139.42726562420577,35.80021604938272,139.40390624915906,35.80908950617284,139.38054687411235,35.80021604938272,139.38054687411235,35.782469135802465,139.40390624915906,35.773595679012345
139.40390624915906,35.84458333333333,0.3850037097677082,34.0,139.42726562420577,35.835709876543206,139.42726562420577,35.85345679012346,139.40390624915906,35.86233024691358,139.38054687411235,35.85345679012346,139.38054687411235,35.835709876543206,139.40390624915906,35.826836419753086
139.40390624915906,35.89782407407407,0.42436196482389893,33.0,139.42726562420577,35.888950617283946,139.42726562420577,35.9066975308642,139.40390624915906,35.91557098765432,139.38054687411235,35.9066975308642,139.38054687411235,35.888950617283946,139.40390624915906,35.880077160493826
139.40390624915906,35.95106481481481,0.4382719668373104,44.0,139.42726562420577,35.94219135802469,139.42726562420577,35.95993827160494,139.40390624915906,35.96881172839506,139.38054687411235,35.95993827160494,139.38054687411235,35.94219135802469,139.40390624915906,35.93331790123457
139.40390624915906,36.004305555555554,0.5252933073492857,29.0,139.42726562420577,35.99543209876543,139.42726562420577,36.01317901234568,139.40390624915906,36.0220524691358,139.38054687411235,36.01317901234568,139.38054687411235,35.99543209876543,139.40390624915906,35.98655864197531
139.40390624915906,36.057546296296294,0.5119782634870371,30.0,139.42726562420577,36.04867283950617,139.42726562420577,36.06641975308642,139.40390624915906,36.07529320987654,139.38054687411235,36.06641975308642,139.38054687411235,36.04867283950617,139.40390624915906,36.03979938271605
139.40390624915906,36.110787037037035,0.36651654161647024,19.0,139.42726562420577,36.10191358024691,139.42726562420577,36.11966049382716,139.40390624915906,36.12853395061728,139.38054687411235,36.11966049382716,139.38054687411235,36.10191358024691,139.40390624915906,36.09304012345679
139.40390624915906,36.164027777777775,0.288789460964487,38.0,139.42726562420577,36.15515432098765,139.42726562420577,36.1729012345679,139.40390624915906,36.18177469135802,139.38054687411235,36.1729012345679,139.38054687411235,36.15515432098765,139.40390624915906,36.14628086419753
139.40390624915906,36.217268518518516,0.4164995536794521,20.0,139.42726562420577,36.20839506172839,139.42726562420577,36.22614197530864,139.40390624915906,36.23501543209876,139.38054687411235,36.22614197530864,139.38054687411235,36.20839506172839,139.40390624915906,36.19952160493827
139.4506249992525,35.31217592592592,0.36986442064306946,10.0,139.47398437429922,35.303302469135794,139.47398437429922,35.32104938271605,139.4506249992525,35.32992283950617,139.4272656242058,35.32104938271605,139.4272656242058,35.303302469135794,139.4506249992525,35.294429012345674
139.4506249992525,35.36541666666666,0.5503811455778289,44.0,139.47398437429922,35.356543209876534,139.47398437429922,35.37429012345679,139.4506249992525,35.38316358024691,139.4272656242058,35.37429012345679,139.4272656242058,35.356543209876534,139.4506249992525,35.347669753086414
139.4506249992525,35.4186574074074,0.5697681461656886,47.0,139.47398437429922,35.409783950617275,139.47398437429922,35.42753086419753,139.4506249992525,35.43640432098765,139.4272656242058,35.42753086419753,139.4272656242058,35.409783950617275,139.4506249992525,35.400910493827155
139.4506249992525,35.47189814814814,0.4085063463103343,46.0,139.47398437429922,35.463024691358015,139.47398437429922,35.48077160493827,139.4506249992525,35.48964506172839,139.4272656242058,35.48077160493827,139.4272656242058,35.463024691358015,139.4506249992525,35.454151234567895
139.4506249992525,35.52513888888888,0.37300920958226574,42.0,139.47398437429922,35.516265432098756,139.47398437429922,35.53401234567901,139.4506249992525,35.54288580246913,139.4272656242058,35.53401234567901,139.4272656242058,35.516265432098756,139.4506249992525,35.507391975308636
139.4506249992525,35.57837962962962,0.18870002249227064,46.0,139.47398437429922,35.569506172839496,139.47398437429922,35.58725308641975,139.4506249992525,35.59612654320987,139.4272656242058,35.58725308641975,139.4272656242058,35.569506172839496,139.4506249992525,35.560632716049376
139.4506249992525,35.63162037037037,0.32675737258953436,43.0,139.47398437429922,35.622746913580244,139.47398437429922,35.6404938271605,139.4506249992525,35.64936728395062,139.4272656242058,35.6404938271605,139.4272656242058,35.622746913580244,139.4506249992525,35.613873456790124
139.4506249992525,35.68486111111111,0.3560030548994462,48.0,139.47398437429922,35.675987654320984,139.47398437429922,35.69373456790124,139.4506249992525,35.70260802469136,139.4272656242058,35.69373456790124,139.4272656242058,35.675987654320984,139.4506249992525,35.667114197530864
139.4506249992525,35.73810185185185,0.21862880900235548,48.0,139.47398437429922,35.729228395061725,139.47398437429922,35.74697530864198,139.4506249992525,35.7558487654321,139.4272656242058,35.74697530864198,139.4272656242058,35.729228395061725,139.4506249992525,35.720354938271605
139.4506249992525,35.79134259259259,0.2580019561405745,48.0,139.47398437429922,35.782469135802465,139.47398437429922,35.80021604938272,139.4506249992525,35.80908950617284,139.4272656242058,35.80021604938272,139.4272656242058,35.782469135802465,139.4506249992525,35.773595679012345
139.4506249992525,35.84458333333333,0.40792381081837237,35.0,139.47398437429922,35.835709876543206,139.47398437429922,35.85345679012346,139.4506249992525,35.86233024691358,139.4272656242058,35.85345679012346,139.4272656242058,35.835709876543206,139.4506249992525,35.826836419753086
139.4506249992525,35.89782407407407,0.4709374416544229,44.0,139.47398437429922,35.888950617283946,139.47398437429922,35.9066975308642,139.4506249992525,35.91557098765432,139.4272656242058,35.9066975308642,139.4272656242058,35.888950617283946,139.4506249992525,35.880077160493826
139.4506249992525,35.95106481481481,0.5386375721733329,39.0,139.47398437429922,35.94219135802469,139.47398437429922,35.95993827160494,139.4506249992525,35.96881172839506,139.4272656242058,35.95993827160494,139.4272656242058,35.94219135802469,139.4506249992525,35.93331790123457
139.4506249992525,36.004305555555554,0.6106484187065154,22.0,139.47398437429922,35.99543209876543,139.47398437429922,36.01317901234568,139.4506249992525,36.0220524691358,139.4272656242058,36.01317901234568,139.4272656242058,35.99543209876543,139.4506249992525,35.98655864197531
139.4506249992525,36.057546296296294,0.4640442953292694,26.0,139.47398437429922,36.04867283950617,139.47398437429922,36.06641975308642,139.4506249992525,36.07529320987654,139.4272656242058,36.06641975308642,139.4272656242058,36.04867283950617,139.4506249992525,36.03979938271605
139.4506249992525,36.110787037037035,0.4012491901942058,38.0,139.47398437429922,36.10191358024691,139.47398437429922,36.11966049382716,139.4506249992525,36.12853395061728,139.4272656242058,36.11966049382716,139.4272656242058,36.10191358024691,139.4506249992525,36.09304012345679
139.4506249992525,36.164027777777775,0.4936674493997856,27.0,139.47398437429922,36.15515432098765,139.47398437429922,36.1729012345679,139.4506249992525,36.18177469135802,139.4272656242058,36.1729012345679,139.4272656242058,36.15515432098765,139.4506249992525,36.14628086419753
139.49734374934593,35.31217592592592,0.36508341414562095,30.0,139.52070312439264,35.303302469135794,139.52070312439264,35.32104938271605,139.49734374934593,35.32992283950617,139.47398437429922,35.32104938271605,139.47398437429922,35.303302469135794,139.49734374934593,35.294429012345674
139.49734374934593,35.36541666666666,0.42631662947145804,41.0,139.52070312439264,35.356543209876534,139.52070312439264,35.37429012345679,139.49734374934593,35.38316358024691,139.47398437429922,35.37429012345679,139.47398437429922,35.356543209876534,139.49734374934593,35.347669753086414
139.49734374934593,35.4186574074074,0.5051992213181562,45.0,139.52070312439264,35.409783950617275,139.52070312439264,35.42753086419753,139.49734374934593,35.43640432098765,139.47398437429922,35.42753086419753,139.47398437429922,35.409783950617275,139.49734374934593,35.400910493827155
139.49734374934593,35.47189814814814,0.3482051557550063,36.0,139.52070312439264,35.463024691358015,139.52070312439264,35.48077160493827,139.49734374934593,35.48964506172839,139.47398437429922,35.48077160493827,139.47398437429922,35.463024691358015,139.49734374934593,35.454151234567895
139.49734374934593,35.52513888888888,0.2944235313063783,42.0,139.52070312439264,35.516265432098756,139.52070312439264,35.53401234567901,139.49734374934593,35.54288580246913,139.47398437429922,35.53401234567901,139.47398437429922,35.516265432098756,139.49734374934593,35.507391975308636
139.49734374934593,35.57837962962962,0.1859249961464956,33.0,139.52070312439264,35.569506172839496,139.52070312439264,35.58725308641975,139.49734374934593,35.59612654320987,139.47398437429922,35.58725308641975,139.47398437429922,35.569506172839496,139.49734374934593,35.560632716049376
139.49734374934593,35.63162037037037,0.2593382283804382,37.0,139.52070312439264,35.622746913580244,139.52070312439264,35.6404938271605,139.49734374934593,35.64936728395062,139.47398437429922,35.6404938271605,139.47398437429922,35.622746913580244,139.49734374934593,35.613873456790124
139.49734374934593,35.68486111111111,0.3884204166695116,43.0,139.52070312439264,35.675987654320984,139.52070312439264,35.69373456790124,139.49734374934593,35.70260802469136,139.47398437429922,35.69373456790124,139.47398437429922,35.675987654320984,139.49734374934593,35.667114197530864
139.49734374934593,35.73810185185185,0.20202926587184863,45.0,139.52070312439264,35.729228395061725,139.52070312439264,35.74697530864198,139.49734374934593,35.7558487654321,139.47398437429922,35.74697530864198,139.47398437429922,35.729228395061725,139.49734374934593,35.720354938271605
139.49734374934593,35.79134259259259,0.3153581281997673,32.0,139.52070312439264,35.782469135802465,139.52070312439264,35.80021604938272,139.49734374934593,35.80908950617284,139.47398437429922,35.80021604938272,139.47398437429922,35.782469135802465,139.49734374934593,35.773595679012345
139.49734374934593,35.84458333333333,0.27831641032785515,26.0,139.52070312439264,35.835709876543206,139.52070312439264,35.85345679012346,139.49734374934593,35.86233024691358,139.47398437429922,35.85345679012346,139.47398437429922,35.835709876543206,139.49734374934593,35.826836419753086
139.49734374934593,35.89782407407407,0.36902412257902606,44.0,139.52070312439264,35.888950617283946,139.52070312439264,35.9066975308642,139.49734374934593,35.91557098765432,139.47398437429922,35.9066975308642,139.47398437429922,35.888950617283946,139.49734374934593,35.880077160493826
139.49734374934593,35.95106481481481,0.47117010608326587,25.0,139.52070312439264,35.94219135802469,139.52070312439264,35.95993827160494,139.49734374934593,35.96881172839506,139.47398437429922,35.95993827160494,139.47398437429922,35.94219135802469,139.49734374934593,35.93331790123457
139.49734374934593,36.004305555555554,0.3864474835829371,16.0,139.52070312439264,35.99543209876543,139.52070312439264,36.01317901234568,139.49734374934593,36.0220524691358,139.47398437429922,36.01317901234568,139.47398437429922,35.99543209876543,139.49734374934593,35.98655864197531
139.49734374934593,36.057546296296294,0.3026797567833,25.0,139.52070312439264,36.04867283950617,139.52070312439264,36.06641975308642,139.49734374934593,36.07529320987654,139.47398437429922,36.06641975308642,139.47398437429922,36.04867283950617,139.49734374934593,36.03979938271605
139.49734374934593,36.110787037037035,0.5405869340812985,32.0,139.52070312439264,36.10191358024691,139.52070312439264,36.11966049382716,139.49734374934593,36.12853395061728,139.47398437429922,36.11966049382716,139.47398437429922,36.10191358024691,139.49734374934593,36.09304012345679
139.49734374934593,36.164027777777775,0.5697256667236215,27.0,139.52070312439264,36.15515432098765,139.52070312439264,36.1729012345679,139.49734374934593,36.18177469135802,139.47398437429922,36.1729012345679,139.47398437429922,36.15515432098765,139.49734374934593,36.14628086419753
139.54406249943938,35.31217592592592,0.3819656902277662,35.0,139.5674218744861,35.303302469135794,139.5674218744861,35.32104938271605,139.54406249943938,35.32992283950617,139.52070312439267,35.32104938271605,139.52070312439267,35.303302469135794,139.54406249943938,35.294429012345674
139.54406249943938,35.36541666666666,0.3852923164394467,51.0,139.5674218744861,35.356543209876534,139.5674218744861,35.37429012345679,139.54406249943938,35.38316358024691,139.52070312439267,35.37429012345679,139.52070312439267,35.356543209876534,139.54406249943938,35.347669753086414
139.54406249943938,35.4186574074074,0.14384268769994096,48.0,139.5674218744861,35.409783950617275,139.5674218744861,35.42753086419753,139.54406249943938,35.43640432098765,139.52070312439267,35.42753086419753,139.52070312439267,35.409783950617275,139.54406249943938,35.400910493827155
139.54406249943938,35.47189814814814,0.20841673835547292,51.0,139.5674218744861,35.463024691358015,139.5674218744861,35.48077160493827,139.54406249943938,35.48964506172839,139.52070312439267,35.48077160493827,139.52070312439267,35.463024691358015,139.54406249943938,35.454151234567895
139.54406249943938,35.52513888888888,0.1986699964182297,46.0,139.5674218744861,35.516265432098756,139.5674218744861,35.53401234567901,139.54406249943938,35.54288580246913,139.52070312439267,35.53401234567901,139.52070312439267,35.516265432098756,139.54406249943938,35.507391975308636
139.54406249943938,35.57837962962962,0.1068206334476944,48.0,139.5674218744861,35.569506172839496,139.5674218744861,35.58725308641975,139.54406249943938,35.59612654320987,139.52070312439267,35.58725308641975,139.52070312439267,35.569506172839496,139.54406249943938,35.560632716049376
139.54406249943938,35.63162037037037,0.12228091469595657,46.0,139.5674218744861,35.622746913580244,139.5674218744861,35.6404938271605,139.54406249943938,35.64936728395062,139.52070312439267,35.6404938271605,139.52070312439267,35.622746913580244,139.54406249943938,35.613873456790124
139.54406249943938,35.68486111111111,0.18283298847839574,47.0,139.5674218744861,35.675987654320984,139.5674218744861,35.69373456790124,139.54406249943938,35.70260802469136,139.52070312439267,35.69373456790124,139.52070312439267,35.675987654320984,139.54406249943938,35.667114197530864
139.54406249943938,35.73810185185185,0.13317953845408204,50.0,139.5674218744861,35.729228395061725,139.5674218744861,35.74697530864198,139.54406249943938,35.7558487654321,139.52070312439267,35.74697530864198,139.52070312439267,35.729228395061725,139.54406249943938,35.720354938271605
139.54406249943938,35.79134259259259,0.3506665654850817,36.0,139.5674218744861,35.782469135802465,139.5674218744861,35.80021604938272,139.54406249943938,35.80908950617284,139.52070312439267,35.80021604938272,139.52070312439267,35.782469135802465,139.54406249943938,35.773595679012345
139.54406249943938,35.84458333333333,0.3597469659813498,49.0,139.5674218744861,35.835709876543206,139.5674218744861,35.85345679012346,139.54406249943938,35.86233024691358,139.52070312439267,35.85345679012346,139.52070312439267,35.835709876543206,139.54406249943938,35.826836419753086
139.54406249943938,35.89782407407407,0.38617714201531556,32.0,139.5674218744861,35.888950617283946,139.5674218744861,35.9066975308642,139.54406249943938,35.91557098765432,139.52070312439267,35.9066975308642,139.52070312439267,35.888950617283946,139.54406249943938,35.880077160493826
139.54406249943938,35.95106481481481,0.3847813494701107,28.0,139.5674218744861,35.94219135802469,139.5674218744861,35.95993827160494,139.54406249943938,35.96881172839506,139.52070312439267,35.95993827160494,139.52070312439267,35.94219135802469,139.54406249943938,35.93331790123457
139.54406249943938,36.004305555555554,0.39726957428639575,45.0,139.5674218744861,35.99543209876543,139.5674218744861,36.01317901234568,139.54406249943938,36.0220524691358,139.52070312439267,36.01317901234568,139.52070312439267,35.99543209876543,139.54406249943938,35.98655864197531
139.54406249943938,36.057546296296294,0.491871000381648,31.0,139.5674218744861,36.04867283950617,139.5674218744861,36.06641975308642,139.54406249943938,36.07529320987654,139.52070312439267,36.06641975308642,139.52070312439267,36.04867283950617,139.54406249943938,36.03979938271605
139.54406249943938,36.110787037037035,0.44066398629652564,30.0,139.5674218744861,36.10191358024691,139.5674218744861,36.11966049382716,139.54406249943938,36.12853395061728,139.52070312439267,36.11966049382716,139.52070312439267,36.10191358024691,139.54406249943938,36.09304012345679
139.54406249943938,36.164027777777775,0.303634513139646,41.0,139.5674218744861,36.15515432098765,139.5674218744861,36.1729012345679,139.54406249943938,36.18177469135802,139.52070312439267,36.1729012345679,139.52070312439267,36.15515432098765,139.54406249943938,36.14628086419753
139.59078124953282,35.20569444444444,0.09705460336585157,1.0,139.61414062457953,35.19682098765431,139.61414062457953,35.21456790123457,139.59078124953282,35.22344135802469,139.56742187448612,35.21456790123457,139.56742187448612,35.19682098765431,139.59078124953282,35.18794753086419
139.59078124953282,35.25893518518518,0.14764794954369154,20.0,139.61414062457953,35.25006172839505,139.61414062457953,35.26780864197531,139.59078124953282,35.27668209876543,139.56742187448612,35.26780864197531,139.56742187448612,35.25006172839505,139.59078124953282,35.24118827160493
139.59078124953282,35.31217592592592,0.2352318212802264,26.0,139.61414062457953,35.303302469135794,139.61414062457953,35.32104938271605,139.59078124953282,35.32992283950617,139.56742187448612,35.32104938271605,139.56742187448612,35.303302469135794,139.59078124953282,35.294429012345674
139.59078124953282,35.36541666666666,0.32491117579005185,37.0,139.61414062457953,35.356543209876534,139.61414062457953,35.37429012345679,139.59078124953282,35.38316358024691,139.56742187448612,35.37429012345679,139.56742187448612,35.356543209876534,139.59078124953282,35.347669753086414
139.59078124953282,35.4186574074074,0.0549159634161543,47.0,139.61414062457953,35.409783950617275,139.61414062457953,35.42753086419753,139.59078124953282,35.43640432098765,139.56742187448612,35.42753086419753,139.56742187448612,35.409783950617275,139.59078124953282,35.400910493827155
139.59078124953282,35.47189814814814,0.17520358764872818,44.0,139.61414062457953,35.463024691358015,139.61414062457953,35.48077160493827,139.59078124953282,35.48964506172839,139.56742187448612,35.48077160493827,139.56742187448612,35.463024691358015,139.59078124953282,35.454151234567895
139.59078124953282,35.52513888888888,0.21248734434779348,43.0,139.61414062457953,35.516265432098756,139.61414062457953,35.53401234567901,139.59078124953282,35.54288580246913,139.56742187448612,35.53401234567901,139.56742187448612,35.516265432098756,139.59078124953282,35.507391975308636
139.59078124953282,35.57837962962962,0.03639176622711186,45.0,139.61414062457953,35.569506172839496,139.61414062457953,35.58725308641975,139.59078124953282,35.59612654320987,139.56742187448612,35.58725308641975,139.56742187448612,35.569506172839496,139.59078124953282,35.560632716049376
139.59078124953282,35.63162037037037,0.09786361654471631,46.0,139.61414062457953,35.622746913580244,139.61414062457953,35.6404938271605,139.59078124953282,35.64936728395062,139.56742187448612,35.6404938271605,139.56742187448612,35.622746913580244,139.59078124953282,35.613873456790124
139.59078124953282,35.68486111111111,0.16346990385227594,46.0,139.61414062457953,35.675987654320984,139.61414062457953,35.69373456790124,139.59078124953282,35.70260802469136,139.56742187448612,35.69373456790124,139.56742187448612,35.675987654320984,139.59078124953282,35.667114197530864
139.59078124953282,35.73810185185185,0.03160730198209585,46.0,139.61414062457953,35.729228395061725,139.61414062457953,35.74697530864198,139.59078124953282,35.7558487654321,139.56742187448612,35.74697530864198,139.56742187448612,35.729228395061725,139.59078124953282,35.720354938271605
139.59078124953282,35.79134259259259,0.28567057133116125,38.0,139.61414062457953,35.782469135802465,139.61414062457953,35.80021604938272,139.59078124953282,35.80908950617284,139.56742187448612,35.80021604938272,139.56742187448612,35.782469135802465,139.59078124953282,35.773595679012345
139.59078124953282,35.84458333333333,0.2761950559012875,28.0,139.61414062457953,35.835709876543206,139.61414062457953,35.85345679012346,139.59078124953282,35.86233024691358,139.56742187448612,35.85345679012346,139.56742187448612,35.835709876543206,139.59078124953282,35.826836419753086
139.59078124953282,35.89782407407407,0.22378164290320865,43.0,139.61414062457953,35.888950617283946,139.61414062457953,35.9066975308642,139.59078124953282,35.91557098765432,139.56742187448612,35.9066975308642,139.56742187448612,35.888950617283946,139.59078124953282,35.880077160493826
139.59078124953282,35.95106481481481,0.31685994960256003,44.0,139.61414062457953,35.94219135802469,139.61414062457953,35.95993827160494,139.59078124953282,35.96881172839506,139.56742187448612,35.95993827160494,139.56742187448612,35.94219135802469,139.59078124953282,35.93331790123457
139.59078124953282,36.004305555555554,0.39646832818748556,48.0,139.61414062457953,35.99543209876543,139.61414062457953,36.01317901234568,139.59078124953282,36.0220524691358,139.56742187448612,36.01317901234568,139.56742187448612,35.99543209876543,139.59078124953282,35.98655864197531
139.59078124953282,36.057546296296294,0.600682922766024,24.0,139.61414062457953,36.04867283950617,139.61414062457953,36.06641975308642,139.59078124953282,36.07529320987654,139.56742187448612,36.06641975308642,139.56742187448612,36.04867283950617,139.59078124953282,36.03979938271605
139.59078124953282,36.110787037037035,0.4757259732112986,38.0,139.61414062457953,36.10191358024691,139.61414062457953,36.11966049382716,139.59078124953282,36.12853395061728,139.56742187448612,36.11966049382716,139.56742187448612,36.10191358024691,139.59078124953282,36.09304012345679
139.59078124953282,36.164027777777775,0.47485494907031045,16.0,139.61414062457953,36.15515432098765,139.61414062457953,36.1729012345679,139.59078124953282,36.18177469135802,139.56742187448612,36.1729012345679,139.56742187448612,36.15515432098765,139.59078124953282,36.14628086419753
139.59078124953282,36.217268518518516,0.48821608131292743,2.0,139.61414062457953,36.20839506172839,139.61414062457953,36.22614197530864,139.59078124953282,36.23501543209876,139.56742187448612,36.22614197530864,139.56742187448612,36.20839506172839,139.59078124953282,36.19952160493827
139.63749999962624,35.1524537037037,0.012977725843802409,18.0,139.66085937467295,35.14358024691357,139.66085937467295,35.161327160493826,139.63749999962624,35.170200617283946,139.61414062457953,35.161327160493826,139.61414062457953,35.14358024691357,139.63749999962624,35.13470679012345
139.63749999962624,35.20569444444444,0.1446976352849483,20.0,139.66085937467295,35.19682098765431,139.66085937467295,35.21456790123457,139.63749999962624,35.22344135802469,139.61414062457953,35.21456790123457,139.61414062457953,35.19682098765431,139.63749999962624,35.18794753086419
139.63749999962624,35.25893518518518,0.23262244164647586,24.0,139.66085937467295,35.25006172839505,139.66085937467295,35.26780864197531,139.63749999962624,35.27668209876543,139.61414062457953,35.26780864197531,139.61414062457953,35.25006172839505,139.63749999962624,35.24118827160493
139.63749999962624,35.31217592592592,0.237512632718761,21.0,139.66085937467295,35.303302469135794,139.66085937467295,35.32104938271605,139.63749999962624,35.32992283950617,139.61414062457953,35.32104938271605,139.61414062457953,35.303302469135794,139.63749999962624,35.294429012345674
139.63749999962624,35.36541666666666,0.259929695875551,25.0,139.66085937467295,35.356543209876534,139.66085937467295,35.37429012345679,139.63749999962624,35.38316358024691,139.61414062457953,35.37429012345679,139.61414062457953,35.356543209876534,139.63749999962624,35.347669753086414
139.63749999962624,35.4186574074074,0.18980506177006284,34.0,139.66085937467295,35.409783950617275,139.66085937467295,35.42753086419753,139.63749999962624,35.43640432098765,139.61414062457953,35.42753086419753,139.61414062457953,35.409783950617275,139.63749999962624,35.400910493827155
139.63749999962624,35.47189814814814,0.13260794280542498,18.0,139.66085937467295,35.463024691358015,139.66085937467295,35.48077160493827,139.63749999962624,35.48964506172839,139.61414062457953,35.48077160493827,139.61414062457953,35.463024691358015,139.63749999962624,35.454151234567895
139.63749999962624,35.52513888888888,0.3936651939409612,48.0,139.66085937467295,35.516265432098756,139.66085937467295,35.53401234567901,139.63749999962624,35.54288580246913,139.61414062457953,35.53401234567901,139.61414062457953,35.516265432098756,139.63749999962624,35.507391975308636
139.63749999962624,35.57837962962962,0.3655615864870238,50.0,139.66085937467295,35.569506172839496,139.66085937467295,35.58725308641975,139.63749999962624,35.59612654320987,139.61414062457953,35.58725308641975,139.61414062457953,35.569506172839496,139.63749999962624,35.560632716049376
139.63749999962624,35.63162037037037,0.09079749159407882,48.0,139.66085937467295,35.622746913580244,139.66085937467295,35.6404938271605,139.63749999962624,35.64936728395062,139.61414062457953,35.6404938271605,139.61414062457953,35.622746913580244,139.63749999962624,35.613873456790124
139.63749999962624,35.68486111111111,0.03460726507993581,49.0,139.66085937467295,35.675987654320984,139.66085937467295,35.69373456790124,139.63749999962624,35.70260802469136,139.61414062457953,35.69373456790124,139.61414062457953,35.675987654320984,139.63749999962624,35.667114197530864
139.63749999962624,35.73810185185185,0.013656893084334005,50.0,139.66085937467295,35.729228395061725,139.66085937467295,35.74697530864198,139.63749999962624,35.7558487654321,139.61414062457953,35.74697530864198,139.61414062457953,35.729228395061725,139.63749999962624,35.720354938271605
139.63749999962624,35.79134259259259,0.293390663512295,33.0,139.66085937467295,35.782469135802465,139.66085937467295,35.80021604938272,139.63749999962624,35.80908950617284,139.61414062457953,35.80021604938272,139.61414062457953,35.782469135802465,139.63749999962624,35.773595679012345
139.63749999962624,35.84458333333333,0.2809709411598924,48.0,139.66085937467295,35.835709876543206,139.66085937467295,35.85345679012346,139.63749999962624,35.86233024691358,139.61414062457953,35.85345679012346,139.61414062457953,35.835709876543206,139.63749999962624,35.826836419753086
139.63749999962624,35.89782407407407,0.16588393194452858,42.0,139.66085937467295,35.888950617283946,139.66085937467295,35.9066975308642,139.63749999962624,35.91557098765432,139.61414062457953,35.9066975308642,139.61414062457953,35.888950617283946,139.63749999962624,35.880077160493826
139.63749999962624,35.95106481481481,0.33901842893386036,51.0,139.66085937467295,35.94219135802469,139.66085937467295,35.95993827160494,139.63749999962624,35.96881172839506,139.61414062457953,35.95993827160494,139.61414062457953,35.94219135802469,139.63749999962624,35.93331790123457
139.63749999962624,36.004305555555554,0.44064250270743605,41.0,139.66085937467295,35.99543209876543,139.66085937467295,36.01317901234568,139.63749999962624,36.0220524691358,139.61414062457953,36.01317901234568,139.61414062457953,35.99543209876543,139.63749999962624,35.98655864197531
139.63749999962624,36.057546296296294,0.568929830304876,25.0,139.66085937467295,36.04867283950617,139.66085937467295,36.06641975308642,139.63749999962624,36.07529320987654,139.61414062457953,36.06641975308642,139.61414062457953,36.04867283950617,139.63749999962624,36.03979938271605
139.63749999962624,36.110787037037035,0.5884509013148063,40.0,139.66085937467295,36.10191358024691,139.66085937467295,36.11966049382716,139.63749999962624,36.12853395061728,139.61414062457953,36.11966049382716,139.61414062457953,36.10191358024691,139.63749999962624,36.09304012345679
139.63749999962624,36.164027777777775,0.5020246892204816,27.0,139.66085937467295,36.15515432098765,139.66085937467295,36.1729012345679,139.63749999962624,36.18177469135802,139.61414062457953,36.1729012345679,139.61414062457953,36.15515432098765,139.63749999962624,36.14628086419753
139.63749999962624,36.217268518518516,0.5060050505104625,2.0,139.66085937467295,36.20839506172839,139.66085937467295,36.22614197530864,139.63749999962624,36.23501543209876,139.61414062457953,36.22614197530864,139.61414062457953,36.20839506172839,139.63749999962624,36.19952160493827
139.6842187497197,35.1524537037037,0.014853976989072428,3.0,139.7075781247664,35.14358024691357,139.7075781247664,35.161327160493826,139.6842187497197,35.170200617283946,139.66085937467298,35.161327160493826,139.66085937467298,35.14358024691357,139.6842187497197,35.13470679012345
139.6842187497197,35.20569444444444,0.2775912308699207,18.0,139.7075781247664,35.19682098765431,139.7075781247664,35.21456790123457,139.6842187497197,35.22344135802469,139.66085937467298,35.21456790123457,139.66085937467298,35.19682098765431,139.6842187497197,35.18794753086419
139.6842187497197,35.25893518518518,0.24638718112509483,38.0,139.7075781247664,35.25006172839505,139.7075781247664,35.26780864197531,139.6842187497197,35.27668209876543,139.66085937467298,35.26780864197531,139.66085937467298,35.25006172839505,139.6842187497197,35.24118827160493
139.6842187497197,35.4186574074074,0.14432625009996594,5.0,139.7075781247664,35.409783950617275,139.7075781247664,35.42753086419753,139.6842187497197,35.43640432098765,139.66085937467298,35.42753086419753,139.66085937467298,35.409783950617275,139.6842187497197,35.400910493827155
139.6842187497197,35.52513888888888,0.3450599400028512,44.0,139.7075781247664,35.516265432098756,139.7075781247664,35.53401234567901,139.6842187497197,35.54288580246913,139.66085937467298,35.53401234567901,139.66085937467298,35.516265432098756,139.6842187497197,35.507391975308636
139.6842187497197,35.57837962962962,0.36399988312934023,44.0,139.7075781247664,35.569506172839496,139.7075781247664,35.58725308641975,139.6842187497197,35.59612654320987,139.66085937467298,35.58725308641975,139.66085937467298,35.569506172839496,139.6842187497197,35.560632716049376
139.6842187497197,35.63162037037037,0.09005854852953782,47.0,139.7075781247664,35.622746913580244,139.7075781247664,35.6404938271605,139.6842187497197,35.64936728395062,139.66085937467298,35.6404938271605,139.66085937467298,35.622746913580244,139.6842187497197,35.613873456790124
139.6842187497197,35.68486111111111,0.016593644334640712,37.0,139.7075781247664,35.675987654320984,139.7075781247664,35.69373456790124,139.6842187497197,35.70260802469136,139.66085937467298,35.69373456790124,139.66085937467298,35.675987654320984,139.6842187497197,35.667114197530864
139.6842187497197,35.73810185185185,0.04129124480235246,46.0,139.7075781247664,35.729228395061725,139.7075781247664,35.74697530864198,139.6842187497197,35.7558487654321,139.66085937467298,35.74697530864198,139.66085937467298,35.729228395061725,139.6842187497197,35.720354938271605
139.6842187497197,35.79134259259259,0.26712289517809784,31.0,139.7075781247664,35.782469135802465,139.7075781247664,35.80021604938272,139.6842187497197,35.80908950617284,139.66085937467298,35.80021604938272,139.66085937467298,35.782469135802465,139.6842187497197,35.773595679012345
139.6842187497197,35.84458333333333,0.2708178262713572,45.0,139.7075781247664,35.835709876543206,139.7075781247664,35.85345679012346,139.6842187497197,35.86233024691358,139.66085937467298,35.85345679012346,139.66085937467298,35.835709876543206,139.6842187497197,35.826836419753086
139.6842187497197,35.89782407407407,0.24668327200606516,33.0,139.7075781247664,35.888950617283946,139.7075781247664,35.9066975308642,139.6842187497197,35.91557098765432,139.66085937467298,35.9066975308642,139.66085937467298,35.888950617283946,139.6842187497197,35.880077160493826
139.6842187497197,35.95106481481481,0.3648368871090566,40.0,139.7075781247664,35.94219135802469,139.7075781247664,35.95993827160494,139.6842187497197,35.96881172839506,139.66085937467298,35.95993827160494,139.66085937467298,35.94219135802469,139.6842187497197,35.93331790123457
139.6842187497197,36.004305555555554,0.45842559882900713,43.0,139.7075781247664,35.99543209876543,139.7075781247664,36.01317901234568,139.6842187497197,36.0220524691358,139.66085937467298,36.01317901234568,139.66085937467298,35.99543209876543,139.6842187497197,35.98655864197531
139.6842187497197,36.057546296296294,0.45921808601356223,39.0,139.7075781247664,36.04867283950617,139.7075781247664,36.06641975308642,139.6842187497197,36.07529320987654,139.66085937467298,36.06641975308642,139.66085937467298,36.04867283950617,139.6842187497197,36.03979938271605
139.6842187497197,36.110787037037035,0.5859707655455959,40.0,139.7075781247664,36.10191358024691,139.7075781247664,36.11966049382716,139.6842187497197,36.12853395061728,139.66085937467298,36.11966049382716,139.66085937467298,36.10191358024691,139.6842187497197,36.09304012345679
139.6842187497197,36.164027777777775,0.6021372737748022,12.0,139.7075781247664,36.15515432098765,139.7075781247664,36.1729012345679,139.6842187497197,36.18177469135802,139.66085937467298,36.1729012345679,139.66085937467298,36.15515432098765,139.6842187497197,36.14628086419753
139.73093749981314,35.25893518518518,0.3013491988402277,20.0,139.75429687485985,35.25006172839505,139.75429687485985,35.26780864197531,139.73093749981314,35.27668209876543,139.70757812476643,35.26780864197531,139.70757812476643,35.25006172839505,139.73093749981314,35.24118827160493
139.73093749981314,35.52513888888888,0.16065974000999633,31.0,139.75429687485985,35.516265432098756,139.75429687485985,35.53401234567901,139.73093749981314,35.54288580246913,139.70757812476643,35.53401234567901,139.70757812476643,35.516265432098756,139.73093749981314,35.507391975308636
139.73093749981314,35.57837962962962,0.17214361392356956,37.0,139.75429687485985,35.569506172839496,139.75429687485985,35.58725308641975,139.73093749981314,35.59612654320987,139.70757812476643,35.58725308641975,139.70757812476643,35.569506172839496,139.73093749981314,35.560632716049376
139.73093749981314,35.63162037037037,0.11605194123670193,35.0,139.75429687485985,35.622746913580244,139.75429687485985,35.6404938271605,139.73093749981314,35.64936728395062,139.70757812476643,35.6404938271605,139.70757812476643,35.622746913580244,139.73093749981314,35.613873456790124
139.73093749981314,35.68486111111111,0.010378545418765012,24.0,139.75429687485985,35.675987654320984,139.75429687485985,35.69373456790124,139.73093749981314,35.70260802469136,139.70757812476643,35.69373456790124,139.70757812476643,35.675987654320984,139.73093749981314,35.667114197530864
139.73093749981314,35.73810185185185,0.10398107200484086,47.0,139.75429687485985,35.729228395061725,139.75429687485985,35.74697530864198,139.73093749981314,35.7558487654321,139.70757812476643,35.74697530864198,139.70757812476643,35.729228395061725,139.73093749981314,35.720354938271605
139.73093749981314,35.79134259259259,0.2527665031959927,39.0,139.75429687485985,35.782469135802465,139.75429687485985,35.80021604938272,139.73093749981314,35.80908950617284,139.70757812476643,35.80021604938272,139.70757812476643,35.782469135802465,139.73093749981314,35.773595679012345
139.73093749981314,35.84458333333333,0.24377432778510438,50.0,139.75429687485985,35.835709876543206,139.75429687485985,35.85345679012346,139.73093749981314,35.86233024691358,139.70757812476643,35.85345679012346,139.70757812476643,35.835709876543206,139.73093749981314,35.826836419753086
139.73093749981314,35.89782407407407,0.3226141514256594,38.0,139.75429687485985,35.888950617283946,139.75429687485985,35.9066975308642,139.73093749981314,35.91557098765432,139.70757812476643,35.9066975308642,139.70757812476643,35.888950617283946,139.73093749981314,35.880077160493826
139.73093749981314,35.95106481481481,0.40668725435346764,34.0,139.75429687485985,35.94219135802469,139.75429687485985,35.95993827160494,139.73093749981314,35.96881172839506,139.70757812476643,35.95993827160494,139.70757812476643,35.94219135802469,139.73093749981314,35.93331790123457
139.73093749981314,36.004305555555554,0.5042064134903227,38.0,139.75429687485985,35.99543209876543,139.75429687485985,36.01317901234568,139.73093749981314,36.0220524691358,139.70757812476643,36.01317901234568,139.70757812476643,35.99543209876543,139.73093749981314,35.98655864197531
139.73093749981314,36.057546296296294,0.31207707610486907,32.0,139.75429687485985,36.04867283950617,139.75429687485985,36.06641975308642,139.73093749981314,36.07529320987654,139.70757812476643,36.06641975308642,139.70757812476643,36.04867283950617,139.73093749981314,36.03979938271605
139.73093749981314,36.110787037037035,0.5413689371175283,12.0,139.75429687485985,36.10191358024691,139.75429687485985,36.11966049382716,139.73093749981314,36.12853395061728,139.70757812476643,36.11966049382716,139.70757812476643,36.10191358024691,139.73093749981314,36.09304012345679
139.77765624990656,35.68486111111111,0.029744937104696882,16.0,139.80101562495327,35.675987654320984,139.80101562495327,35.69373456790124,139.77765624990656,35.70260802469136,139.75429687485985,35.69373456790124,139.75429687485985,35.675987654320984,139.77765624990656,35.667114197530864
139.77765624990656,35.73810185185185,0.1329896162317924,46.0,139.80101562495327,35.729228395061725,139.80101562495327,35.74697530864198,139.77765624990656,35.7558487654321,139.75429687485985,35.74697530864198,139.75429687485985,35.729228395061725,139.77765624990656,35.720354938271605
139.77765624990656,35.79134259259259,0.2698797596569239,42.0,139.80101562495327,35.782469135802465,139.80101562495327,35.80021604938272,139.77765624990656,35.80908950617284,139.75429687485985,35.80021604938272,139.75429687485985,35.782469135802465,139.77765624990656,35.773595679012345
139.77765624990656,35.84458333333333,0.48360065745227626,45.0,139.80101562495327,35.835709876543206,139.80101562495327,35.85345679012346,139.77765624990656,35.86233024691358,139.75429687485985,35.85345679012346,139.75429687485985,35.835709876543206,139.77765624990656,35.826836419753086
139.77765624990656,35.89782407407407,0.4333009286566318,44.0,139.80101562495327,35.888950617283946,139.80101562495327,35.9066975308642,139.77765624990656,35.91557098765432,139.75429687485985,35.9066975308642,139.75429687485985,35.888950617283946,139.77765624990656,35.880077160493826
139.77765624990656,35.95106481481481,0.4365862919962152,38.0,139.80101562495327,35.94219135802469,139.80101562495327,35.95993827160494,139.77765624990656,35.96881172839506,139.75429687485985,35.95993827160494,139.75429687485985,35.94219135802469,139.77765624990656,35.93331790123457
139.77765624990656,36.004305555555554,0.4967639783362746,14.0,139.80101562495327,35.99543209876543,139.80101562495327,36.01317901234568,139.77765624990656,36.0220524691358,139.75429687485985,36.01317901234568,139.75429687485985,35.99543209876543,139.77765624990656,35.98655864197531
139.77765624990656,36.057546296296294,0.4485856743338572,15.0,139.80101562495327,36.04867283950617,139.80101562495327,36.06641975308642,139.77765624990656,36.07529320987654,139.75429687485985,36.06641975308642,139.75429687485985,36.04867283950617,139.77765624990656,36.03979938271605
139.824375,35.04597222222222,0.09883348513687658,8.0,139.8477343750467,35.03709876543209,139.8477343750467,35.054845679012345,139.824375,35.063719135802465,139.8010156249533,35.054845679012345,139.8010156249533,35.03709876543209,139.824375,35.02822530864197
139.824375,35.09921296296296,0.09734637965791892,6.0,139.8477343750467,35.09033950617283,139.8477343750467,35.108086419753086,139.824375,35.116959876543206,139.8010156249533,35.108086419753086,139.8010156249533,35.09033950617283,139.824375,35.08146604938271
139.824375,35.1524537037037,0.04382563906876512,1.0,139.8477343750467,35.14358024691357,139.8477343750467,35.161327160493826,139.824375,35.170200617283946,139.8010156249533,35.161327160493826,139.8010156249533,35.14358024691357,139.824375,35.13470679012345
139.824375,35.31217592592592,0.37435216609465743,11.0,139.8477343750467,35.303302469135794,139.8477343750467,35.32104938271605,139.824375,35.32992283950617,139.8010156249533,35.32104938271605,139.8010156249533,35.303302469135794,139.824375,35.294429012345674
139.824375,35.68486111111111,0.08861641364147829,44.0,139.8477343750467,35.675987654320984,139.8477343750467,35.69373456790124,139.824375,35.70260802469136,139.8010156249533,35.69373456790124,139.8010156249533,35.675987654320984,139.824375,35.667114197530864
139.824375,35.73810185185185,0.14466387138056871,41.0,139.8477343750467,35.729228395061725,139.8477343750467,35.74697530864198,139.824375,35.7558487654321,139.8010156249533,35.74697530864198,139.8010156249533,35.729228395061725,139.824375,35.720354938271605
139.824375,35.79134259259259,0.23285447589923697,43.0,139.8477343750467,35.782469135802465,139.8477343750467,35.80021604938272,139.824375,35.80908950617284,139.8010156249533,35.80021604938272,139.8010156249533,35.782469135802465,139.824375,35.773595679012345
139.824375,35.84458333333333,0.47198968909182637,46.0,139.8477343750467,35.835709876543206,139.8477343750467,35.85345679012346,139.824375,35.86233024691358,139.8010156249533,35.85345679012346,139.8010156249533,35.835709876543206,139.824375,35.826836419753086
139.824375,35.89782407407407,0.5407459841196989,44.0,139.8477343750467,35.888950617283946,139.8477343750467,35.9066975308642,139.824375,35.91557098765432,139.8010156249533,35.9066975308642,139.8010156249533,35.888950617283946,139.824375,35.880077160493826
139.824375,35.95106481481481,0.5840405450046817,27.0,139.8477343750467,35.94219135802469,139.8477343750467,35.95993827160494,139.824375,35.96881172839506,139.8010156249533,35.95993827160494,139.8010156249533,35.94219135802469,139.824375,35.93331790123457
139.824375,36.004305555555554,0.5186844577254064,16.0,139.8477343750467,35.99543209876543,139.8477343750467,36.01317901234568,139.824375,36.0220524691358,139.8010156249533,36.01317901234568,139.8010156249533,35.99543209876543,139.824375,35.98655864197531
139.824375,36.057546296296294,0.48196305795610356,10.0,139.8477343750467,36.04867283950617,139.8477343750467,36.06641975308642,139.824375,36.07529320987654,139.8010156249533,36.06641975308642,139.8010156249533,36.04867283950617,139.824375,36.03979938271605
139.87109375009345,34.99273148148148,0.22529608927355607,3.0,139.89445312514016,34.98385802469135,139.89445312514016,35.001604938271605,139.87109375009345,35.010478395061725,139.84773437504674,35.001604938271605,139.84773437504674,34.98385802469135,139.87109375009345,34.97498456790123
139.87109375009345,35.04597222222222,0.34684320309525035,2.0,139.89445312514016,35.03709876543209,139.89445312514016,35.054845679012345,139.87109375009345,35.063719135802465,139.84773437504674,35.054845679012345,139.84773437504674,35.03709876543209,139.87109375009345,35.02822530864197
139.87109375009345,35.09921296296296,0.17425639756115735,7.0,139.89445312514016,35.09033950617283,139.89445312514016,35.108086419753086,139.87109375009345,35.116959876543206,139.84773437504674,35.108086419753086,139.84773437504674,35.09033950617283,139.87109375009345,35.08146604938271
139.87109375009345,35.1524537037037,0.058480115709352576,1.0,139.89445312514016,35.14358024691357,139.89445312514016,35.161327160493826,139.87109375009345,35.170200617283946,139.84773437504674,35.161327160493826,139.84773437504674,35.14358024691357,139.87109375009345,35.13470679012345
139.87109375009345,35.20569444444444,0.1401861051462312,8.0,139.89445312514016,35.19682098765431,139.89445312514016,35.21456790123457,139.87109375009345,35.22344135802469,139.84773437504674,35.21456790123457,139.84773437504674,35.19682098765431,139.87109375009345,35.18794753086419
139.87109375009345,35.25893518518518,0.29333133707235143,7.0,139.89445312514016,35.25006172839505,139.89445312514016,35.26780864197531,139.87109375009345,35.27668209876543,139.84773437504674,35.26780864197531,139.84773437504674,35.25006172839505,139.87109375009345,35.24118827160493
139.87109375009345,35.31217592592592,0.35794732841416566,15.0,139.89445312514016,35.303302469135794,139.89445312514016,35.32104938271605,139.87109375009345,35.32992283950617,139.84773437504674,35.32104938271605,139.84773437504674,35.303302469135794,139.87109375009345,35.294429012345674
139.87109375009345,35.63162037037037,0.2879552178811712,8.0,139.89445312514016,35.622746913580244,139.89445312514016,35.6404938271605,139.87109375009345,35.64936728395062,139.84773437504674,35.6404938271605,139.84773437504674,35.622746913580244,139.87109375009345,35.613873456790124
139.87109375009345,35.68486111111111,0.19817479516119885,40.0,139.89445312514016,35.675987654320984,139.89445312514016,35.69373456790124,139.87109375009345,35.70260802469136,139.84773437504674,35.69373456790124,139.84773437504674,35.675987654320984,139.87109375009345,35.667114197530864
139.87109375009345,35.73810185185185,0.1576824377449791,45.0,139.89445312514016,35.729228395061725,139.89445312514016,35.74697530864198,139.87109375009345,35.7558487654321,139.84773437504674,35.74697530864198,139.84773437504674,35.729228395061725,139.87109375009345,35.720354938271605
139.87109375009345,35.79134259259259,0.33987516963341163,37.0,139.89445312514016,35.782469135802465,139.89445312514016,35.80021604938272,139.87109375009345,35.80908950617284,139.84773437504674,35.80021604938272,139.84773437504674,35.782469135802465,139.87109375009345,35.773595679012345
139.87109375009345,35.84458333333333,0.40442972480569106,33.0,139.89445312514016,35.835709876543206,139.89445312514016,35.85345679012346,139.87109375009345,35.86233024691358,139.84773437504674,35.85345679012346,139.84773437504674,35.835709876543206,139.87109375009345,35.826836419753086
139.87109375009345,35.89782407407407,0.5434989122478376,25.0,139.89445312514016,35.888950617283946,139.89445312514016,35.9066975308642,139.87109375009345,35.91557098765432,139.84773437504674,35.9066975308642,139.84773437504674,35.888950617283946,139.87109375009345,35.880077160493826
139.87109375009345,35.95106481481481,0.4741568804416726,42.0,139.89445312514016,35.94219135802469,139.89445312514016,35.95993827160494,139.87109375009345,35.96881172839506,139.84773437504674,35.95993827160494,139.84773437504674,35.94219135802469,139.87109375009345,35.93331790123457
139.87109375009345,36.004305555555554,0.4866081495996711,2.0,139.89445312514016,35.99543209876543,139.89445312514016,36.01317901234568,139.87109375009345,36.0220524691358,139.84773437504674,36.01317901234568,139.84773437504674,35.99543209876543,139.87109375009345,35.98655864197531
139.91781250018687,35.04597222222222,0.3082424089576355,7.0,139.94117187523358,35.03709876543209,139.94117187523358,35.054845679012345,139.91781250018687,35.063719135802465,139.89445312514016,35.054845679012345,139.89445312514016,35.03709876543209,139.91781250018687,35.02822530864197
139.91781250018687,35.09921296296296,0.13928154690325706,5.0,139.94117187523358,35.09033950617283,139.94117187523358,35.108086419753086,139.91781250018687,35.116959876543206,139.89445312514016,35.108086419753086,139.89445312514016,35.09033950617283,139.91781250018687,35.08146604938271
139.91781250018687,35.20569444444444,0.21656560499236846,4.0,139.94117187523358,35.19682098765431,139.94117187523358,35.21456790123457,139.91781250018687,35.22344135802469,139.89445312514016,35.21456790123457,139.89445312514016,35.19682098765431,139.91781250018687,35.18794753086419
139.91781250018687,35.25893518518518,0.2985055736193376,2.0,139.94117187523358,35.25006172839505,139.94117187523358,35.26780864197531,139.91781250018687,35.27668209876543,139.89445312514016,35.26780864197531,139.89445312514016,35.25006172839505,139.91781250018687,35.24118827160493
139.91781250018687,35.31217592592592,0.2961729496467927,27.0,139.94117187523358,35.303302469135794,139.94117187523358,35.32104938271605,139.91781250018687,35.32992283950617,139.89445312514016,35.32104938271605,139.89445312514016,35.303302469135794,139.91781250018687,35.294429012345674
139.91781250018687,35.36541666666666,0.3834297582725371,28.0,139.94117187523358,35.356543209876534,139.94117187523358,35.37429012345679,139.91781250018687,35.38316358024691,139.89445312514016,35.37429012345679,139.89445312514016,35.356543209876534,139.91781250018687,35.347669753086414
139.91781250018687,35.4186574074074,0.4394154821838481,30.0,139.94117187523358,35.409783950617275,139.94117187523358,35.42753086419753,139.91781250018687,35.43640432098765,139.89445312514016,35.42753086419753,139.89445312514016,35.409783950617275,139.91781250018687,35.400910493827155
139.91781250018687,35.63162037037037,0.2792340763132441,10.0,139.94117187523358,35.622746913580244,139.94117187523358,35.6404938271605,139.91781250018687,35.64936728395062,139.89445312514016,35.6404938271605,139.89445312514016,35.622746913580244,139.91781250018687,35.613873456790124
139.91781250018687,35.68486111111111,0.23565150988189804,38.0,139.94117187523358,35.675987654320984,139.94117187523358,35.69373456790124,139.91781250018687,35.70260802469136,139.89445312514016,35.69373456790124,139.89445312514016,35.675987654320984,139.91781250018687,35.667114197530864
139.91781250018687,35.73810185185185,0.25766168831026426,46.0,139.94117187523358,35.729228395061725,139.94117187523358,35.74697530864198,139.91781250018687,35.7558487654321,139.89445312514016,35.74697530864198,139.89445312514016,35.729228395061725,139.91781250018687,35.720354938271605
139.91781250018687,35.79134259259259,0.3596090549021183,49.0,139.94117187523358,35.782469135802465,139.94117187523358,35.80021604938272,139.91781250018687,35.80908950617284,139.89445312514016,35.80021604938272,139.89445312514016,35.782469135802465,139.91781250018687,35.773595679012345
139.91781250018687,35.84458333333333,0.3963148759332405,47.0,139.94117187523358,35.835709876543206,139.94117187523358,35.85345679012346,139.91781250018687,35.86233024691358,139.89445312514016,35.85345679012346,139.89445312514016,35.835709876543206,139.91781250018687,35.826836419753086
139.91781250018687,35.89782407407407,0.47711095023497546,46.0,139.94117187523358,35.888950617283946,139.94117187523358,35.9066975308642,139.91781250018687,35.91557098765432,139.89445312514016,35.9066975308642,139.89445312514016,35.888950617283946,139.91781250018687,35.880077160493826
139.91781250018687,35.95106481481481,0.5416388307392364,15.0,139.94117187523358,35.94219135802469,139.94117187523358,35.95993827160494,139.91781250018687,35.96881172839506,139.89445312514016,35.95993827160494,139.89445312514016,35.94219135802469,139.91781250018687,35.93331790123457
139.96453125028032,35.04597222222222,0.3122771943968802,2.0,139.98789062532703,35.03709876543209,139.98789062532703,35.054845679012345,139.96453125028032,35.063719135802465,139.9411718752336,35.054845679012345,139.9411718752336,35.03709876543209,139.96453125028032,35.02822530864197
139.96453125028032,35.31217592592592,0.3412544144234819,12.0,139.98789062532703,35.303302469135794,139.98789062532703,35.32104938271605,139.96453125028032,35.32992283950617,139.9411718752336,35.32104938271605,139.9411718752336,35.303302469135794,139.96453125028032,35.294429012345674
139.96453125028032,35.36541666666666,0.33815761641722675,21.0,139.98789062532703,35.356543209876534,139.98789062532703,35.37429012345679,139.96453125028032,35.38316358024691,139.9411718752336,35.37429012345679,139.9411718752336,35.356543209876534,139.96453125028032,35.347669753086414
139.96453125028032,35.4186574074074,0.483857361830286,25.0,139.98789062532703,35.409783950617275,139.98789062532703,35.42753086419753,139.96453125028032,35.43640432098765,139.9411718752336,35.42753086419753,139.9411718752336,35.409783950617275,139.96453125028032,35.400910493827155
139.96453125028032,35.68486111111111,0.23376565849230788,7.0,139.98789062532703,35.675987654320984,139.98789062532703,35.69373456790124,139.96453125028032,35.70260802469136,139.9411718752336,35.69373456790124,139.9411718752336,35.675987654320984,139.96453125028032,35.667114197530864
139.96453125028032,35.73810185185185,0.3051052771610373,44.0,139.98789062532703,35.729228395061725,139.98789062532703,35.74697530864198,139.96453125028032,35.7558487654321,139.9411718752336,35.74697530864198,139.9411718752336,35.729228395061725,139.96453125028032,35.720354938271605
139.96453125028032,35.79134259259259,0.26514895357015167,42.0,139.98789062532703,35.782469135802465,139.98789062532703,35.80021604938272,139.96453125028032,35.80908950617284,139.9411718752336,35.80021604938272,139.9411718752336,35.782469135802465,139.96453125028032,35.773595679012345
139.96453125028032,35.84458333333333,0.3681277218357183,45.0,139.98789062532703,35.835709876543206,139.98789062532703,35.85345679012346,139.96453125028032,35.86233024691358,139.9411718752336,35.85345679012346,139.9411718752336,35.835709876543206,139.96453125028032,35.826836419753086
139.96453125028032,35.89782407407407,0.5025545628371385,34.0,139.98789062532703,35.888950617283946,139.98789062532703,35.9066975308642,139.96453125028032,35.91557098765432,139.9411718752336,35.9066975308642,139.9411718752336,35.888950617283946,139.96453125028032,35.880077160493826
140.01125000037376,35.04597222222222,0.2036019835706609,3.0,140.03460937542047,35.03709876543209,140.03460937542047,35.054845679012345,140.01125000037376,35.063719135802465,139.98789062532705,35.054845679012345,139.98789062532705,35.03709876543209,140.01125000037376,35.02822530864197
140.01125000037376,35.25893518518518,0.09699649700097972,3.0,140.03460937542047,35.25006172839505,140.03460937542047,35.26780864197531,140.01125000037376,35.27668209876543,139.98789062532705,35.26780864197531,139.98789062532705,35.25006172839505,140.01125000037376,35.24118827160493
140.01125000037376,35.31217592592592,0.28583537470148096,2.0,140.03460937542047,35.303302469135794,140.03460937542047,35.32104938271605,140.01125000037376,35.32992283950617,139.98789062532705,35.32104938271605,139.98789062532705,35.303302469135794,140.01125000037376,35.294429012345674
140.01125000037376,35.36541666666666,0.35540027204727637,3.0,140.03460937542047,35.356543209876534,140.03460937542047,35.37429012345679,140.01125000037376,35.38316358024691,139.98789062532705,35.37429012345679,139.98789062532705,35.356543209876534,140.01125000037376,35.347669753086414
140.01125000037376,35.4186574074074,0.5002271882755831,19.0,140.03460937542047,35.409783950617275,140.03460937542047,35.42753086419753,140.01125000037376,35.43640432098765,139.98789062532705,35.42753086419753,139.98789062532705,35.409783950617275,140.01125000037376,35.400910493827155
140.01125000037376,35.47189814814814,0.40377516836916993,5.0,140.03460937542047,35.463024691358015,140.03460937542047,35.48077160493827,140.01125000037376,35.48964506172839,139.98789062532705,35.48077160493827,139.98789062532705,35.463024691358015,140.01125000037376,35.454151234567895
140.01125000037376,35.68486111111111,0.25806810216771775,37.0,140.03460937542047,35.675987654320984,140.03460937542047,35.69373456790124,140.01125000037376,35.70260802469136,139.98789062532705,35.69373456790124,139.98789062532705,35.675987654320984,140.01125000037376,35.667114197530864
140.01125000037376,35.73810185185185,0.25502102087895895,46.0,140.03460937542047,35.729228395061725,140.03460937542047,35.74697530864198,140.01125000037376,35.7558487654321,139.98789062532705,35.74697530864198,139.98789062532705,35.729228395061725,140.01125000037376,35.720354938271605
140.01125000037376,35.79134259259259,0.3488270172055442,38.0,140.03460937542047,35.782469135802465,140.03460937542047,35.80021604938272,140.01125000037376,35.80908950617284,139.98789062532705,35.80021604938272,139.98789062532705,35.782469135802465,140.01125000037376,35.773595679012345
140.01125000037376,35.84458333333333,0.3424060087377111,32.0,140.03460937542047,35.835709876543206,140.03460937542047,35.85345679012346,140.01125000037376,35.86233024691358,139.98789062532705,35.85345679012346,139.98789062532705,35.835709876543206,140.01125000037376,35.826836419753086
140.01125000037376,35.89782407407407,0.2929060185646613,13.0,140.03460937542047,35.888950617283946,140.03460937542047,35.9066975308642,140.01125000037376,35.91557098765432,139.98789062532705,35.9066975308642,139.98789062532705,35.888950617283946,140.01125000037376,35.880077160493826
140.05796875046718,35.04597222222222,0.04193701897035862,1.0,140.0813281255139,35.03709876543209,140.0813281255139,35.054845679012345,140.05796875046718,35.063719135802465,140.03460937542047,35.054845679012345,140.03460937542047,35.03709876543209,140.05796875046718,35.02822530864197
140.05796875046718,35.09921296296296,0.2605984122098865,4.0,140.0813281255139,35.09033950617283,140.0813281255139,35.108086419753086,140.05796875046718,35.116959876543206,140.03460937542047,35.108086419753086,140.03460937542047,35.09033950617283,140.05796875046718,35.08146604938271
140.05796875046718,35.25893518518518,0.2096152944089077,1.0,140.0813281255139,35.25006172839505,140.0813281255139,35.26780864197531,140.05796875046718,35.27668209876543,140.03460937542047,35.26780864197531,140.03460937542047,35.25006172839505,140.05796875046718,35.24118827160493
140.05796875046718,35.31217592592592,0.20455719591190677,7.0,140.0813281255139,35.303302469135794,140.0813281255139,35.32104938271605,140.05796875046718,35.32992283950617,140.03460937542047,35.32104938271605,140.03460937542047,35.303302469135794,140.05796875046718,35.294429012345674
140.05796875046718,35.36541666666666,0.417612115487227,14.0,140.0813281255139,35.356543209876534,140.0813281255139,35.37429012345679,140.05796875046718,35.38316358024691,140.03460937542047,35.37429012345679,140.03460937542047,35.356543209876534,140.05796875046718,35.347669753086414
140.05796875046718,35.4186574074074,0.516406226095515,10.0,140.0813281255139,35.409783950617275,140.0813281255139,35.42753086419753,140.05796875046718,35.43640432098765,140.03460937542047,35.42753086419753,140.03460937542047,35.409783950617275,140.05796875046718,35.400910493827155
140.05796875046718,35.47189814814814,0.42045618301916154,29.0,140.0813281255139,35.463024691358015,140.0813281255139,35.48077160493827,140.05796875046718,35.48964506172839,140.03460937542047,35.48077160493827,140.03460937542047,35.463024691358015,140.05796875046718,35.454151234567895
140.05796875046718,35.52513888888888,0.2957588936315993,8.0,140.0813281255139,35.516265432098756,140.0813281255139,35.53401234567901,140.05796875046718,35.54288580246913,140.03460937542047,35.53401234567901,140.03460937542047,35.516265432098756,140.05796875046718,35.507391975308636
140.05796875046718,35.63162037037037,0.06309129799763791,21.0,140.0813281255139,35.622746913580244,140.0813281255139,35.6404938271605,140.05796875046718,35.64936728395062,140.03460937542047,35.6404938271605,140.03460937542047,35.622746913580244,140.05796875046718,35.613873456790124
140.05796875046718,35.68486111111111,0.34726059243284735,43.0,140.0813281255139,35.675987654320984,140.0813281255139,35.69373456790124,140.05796875046718,35.70260802469136,140.03460937542047,35.69373456790124,140.03460937542047,35.675987654320984,140.05796875046718,35.667114197530864
140.05796875046718,35.73810185185185,0.5504822229353011,35.0,140.0813281255139,35.729228395061725,140.0813281255139,35.74697530864198,140.05796875046718,35.7558487654321,140.03460937542047,35.74697530864198,140.03460937542047,35.729228395061725,140.05796875046718,35.720354938271605
140.05796875046718,35.79134259259259,0.520872846896663,32.0,140.0813281255139,35.782469135802465,140.0813281255139,35.80021604938272,140.05796875046718,35.80908950617284,140.03460937542047,35.80021604938272,140.03460937542047,35.782469135802465,140.05796875046718,35.773595679012345
140.05796875046718,35.84458333333333,0.43511247834919753,7.0,140.0813281255139,35.835709876543206,140.0813281255139,35.85345679012346,140.05796875046718,35.86233024691358,140.03460937542047,35.85345679012346,140.03460937542047,35.835709876543206,140.05796875046718,35.826836419753086
140.05796875046718,35.89782407407407,0.37626992711677076,2.0,140.0813281255139,35.888950617283946,140.0813281255139,35.9066975308642,140.05796875046718,35.91557098765432,140.03460937542047,35.9066975308642,140.03460937542047,35.888950617283946,140.05796875046718,35.880077160493826
140.10468750056063,35.09921296296296,0.14721990664791712,16.0,140.12804687560734,35.09033950617283,140.12804687560734,35.108086419753086,140.10468750056063,35.116959876543206,140.08132812551392,35.108086419753086,140.08132812551392,35.09033950617283,140.10468750056063,35.08146604938271
140.10468750056063,35.4186574074074,0.3062453838036207,14.0,140.12804687560734,35.409783950617275,140.12804687560734,35.42753086419753,140.10468750056063,35.43640432098765,140.08132812551392,35.42753086419753,140.08132812551392,35.409783950617275,140.10468750056063,35.400910493827155
140.10468750056063,35.47189814814814,0.29629547984175375,10.0,140.12804687560734,35.463024691358015,140.12804687560734,35.48077160493827,140.10468750056063,35.48964506172839,140.08132812551392,35.48077160493827,140.08132812551392,35.463024691358015,140.10468750056063,35.454151234567895
140.10468750056063,35.52513888888888,0.3422880773653973,29.0,140.12804687560734,35.516265432098756,140.12804687560734,35.53401234567901,140.10468750056063,35.54288580246913,140.08132812551392,35.53401234567901,140.08132812551392,35.516265432098756,140.10468750056063,35.507391975308636
140.10468750056063,35.57837962962962,0.0365390686360329,1.0,140.12804687560734,35.569506172839496,140.12804687560734,35.58725308641975,140.10468750056063,35.59612654320987,140.08132812551392,35.58725308641975,140.08132812551392,35.569506172839496,140.10468750056063,35.560632716049376
140.10468750056063,35.63162037037037,0.2726611833886704,42.0,140.12804687560734,35.622746913580244,140.12804687560734,35.6404938271605,140.10468750056063,35.64936728395062,140.08132812551392,35.6404938271605,140.08132812551392,35.622746913580244,140.10468750056063,35.613873456790124
140.10468750056063,35.68486111111111,0.36967778133564794,34.0,140.12804687560734,35.675987654320984,140.12804687560734,35.69373456790124,140.10468750056063,35.70260802469136,140.08132812551392,35.69373456790124,140.08132812551392,35.675987654320984,140.10468750056063,35.667114197530864
140.10468750056063,35.73810185185185,0.5608574522782636,30.0,140.12804687560734,35.729228395061725,140.12804687560734,35.74697530864198,140.10468750056063,35.7558487654321,140.08132812551392,35.74697530864198,140.08132812551392,35.729228395061725,140.10468750056063,35.720354938271605
140.10468750056063,35.79134259259259,0.595590681035845,15.0,140.12804687560734,35.782469135802465,140.12804687560734,35.80021604938272,140.10468750056063,35.80908950617284,140.08132812551392,35.80021604938272,140.08132812551392,35.782469135802465,140.10468750056063,35.773595679012345
140.10468750056063,35.84458333333333,0.28923055277912024,4.0,140.12804687560734,35.835709876543206,140.12804687560734,35.85345679012346,140.10468750056063,35.86233024691358,140.08132812551392,35.85345679012346,140.08132812551392,35.835709876543206,140.10468750056063,35.826836419753086
140.15140625065408,35.4186574074074,0.18524761450298735,1.0,140.1747656257008,35.409783950617275,140.1747656257008,35.42753086419753,140.15140625065408,35.43640432098765,140.12804687560737,35.42753086419753,140.12804687560737,35.409783950617275,140.15140625065408,35.400910493827155
140.15140625065408,35.47189814814814,0.2721635209330576,4.0,140.1747656257008,35.463024691358015,140.1747656257008,35.48077160493827,140.15140625065408,35.48964506172839,140.12804687560737,35.48077160493827,140.12804687560737,35.463024691358015,140.15140625065408,35.454151234567895
140.15140625065408,35.52513888888888,0.4837393501011669,42.0,140.1747656257008,35.516265432098756,140.1747656257008,35.53401234567901,140.15140625065408,35.54288580246913,140.12804687560737,35.53401234567901,140.12804687560737,35.516265432098756,140.15140625065408,35.507391975308636
140.15140625065408,35.57837962962962,0.2659153837422633,47.0,140.1747656257008,35.569506172839496,140.1747656257008,35.58725308641975,140.15140625065408,35.59612654320987,140.12804687560737,35.58725308641975,140.12804687560737,35.569506172839496,140.15140625065408,35.560632716049376
140.15140625065408,35.63162037037037,0.3048316906321543,49.0,140.1747656257008,35.622746913580244,140.1747656257008,35.6404938271605,140.15140625065408,35.64936728395062,140.12804687560737,35.6404938271605,140.12804687560737,35.622746913580244,140.15140625065408,35.613873456790124
140.15140625065408,35.68486111111111,0.39222501714050795,35.0,140.1747656257008,35.675987654320984,140.1747656257008,35.69373456790124,140.15140625065408,35.70260802469136,140.12804687560737,35.69373456790124,140.12804687560737,35.675987654320984,140.15140625065408,35.667114197530864
140.15140625065408,35.73810185185185,0.4915972075047886,29.0,140.1747656257008,35.729228395061725,140.1747656257008,35.74697530864198,140.15140625065408,35.7558487654321,140.12804687560737,35.74697530864198,140.12804687560737,35.729228395061725,140.15140625065408,35.720354938271605
140.15140625065408,35.79134259259259,0.5580380065092426,27.0,140.1747656257008,35.782469135802465,140.1747656257008,35.80021604938272,140.15140625065408,35.80908950617284,140.12804687560737,35.80021604938272,140.12804687560737,35.782469135802465,140.15140625065408,35.773595679012345
140.15140625065408,35.84458333333333,0.5729890947089091,22.0,140.1747656257008,35.835709876543206,140.1747656257008,35.85345679012346,140.15140625065408,35.86233024691358,140.12804687560737,35.85345679012346,140.12804687560737,35.835709876543206,140.15140625065408,35.826836419753086
140.1981250007475,35.4186574074074,0.23048196391029457,4.0,140.2214843757942,35.409783950617275,140.2214843757942,35.42753086419753,140.1981250007475,35.43640432098765,140.1747656257008,35.42753086419753,140.1747656257008,35.409783950617275,140.1981250007475,35.400910493827155
140.1981250007475,35.47189814814814,0.6113095408568949,2.0,140.2214843757942,35.463024691358015,140.2214843757942,35.48077160493827,140.1981250007475,35.48964506172839,140.1747656257008,35.48077160493827,140.1747656257008,35.463024691358015,140.1981250007475,35.454151234567895
140.1981250007475,35.52513888888888,0.4006568788461422,16.0,140.2214843757942,35.516265432098756,140.2214843757942,35.53401234567901,140.1981250007475,35.54288580246913,140.1747656257008,35.53401234567901,140.1747656257008,35.516265432098756,140.1981250007475,35.507391975308636
140.1981250007475,35.57837962962962,0.4878041914349959,10.0,140.2214843757942,35.569506172839496,140.2214843757942,35.58725308641975,140.1981250007475,35.59612654320987,140.1747656257008,35.58725308641975,140.1747656257008,35.569506172839496,140.1981250007475,35.560632716049376
140.1981250007475,35.63162037037037,0.27159982065316257,18.0,140.2214843757942,35.622746913580244,140.2214843757942,35.6404938271605,140.1981250007475,35.64936728395062,140.1747656257008,35.6404938271605,140.1747656257008,35.622746913580244,140.1981250007475,35.613873456790124
140.1981250007475,35.68486111111111,0.332193972932721,32.0,140.2214843757942,35.675987654320984,140.2214843757942,35.69373456790124,140.1981250007475,35.70260802469136,140.1747656257008,35.69373456790124,140.1747656257008,35.675987654320984,140.1981250007475,35.667114197530864
140.1981250007475,35.73810185185185,0.36764372412898727,22.0,140.2214843757942,35.729228395061725,140.2214843757942,35.74697530864198,140.1981250007475,35.7558487654321,140.1747656257008,35.74697530864198,140.1747656257008,35.729228395061725,140.1981250007475,35.720354938271605
140.1981250007475,35.79134259259259,0.47356546197316957,17.0,140.2214843757942,35.782469135802465,140.2214843757942,35.80021604938272,140.1981250007475,35.80908950617284,140.1747656257008,35.80021604938272,140.1747656257008,35.782469135802465,140.1981250007475,35.773595679012345
140.1981250007475,35.84458333333333,0.3003806221216388,14.0,140.2214843757942,35.835709876543206,140.2214843757942,35.85345679012346,140.1981250007475,35.86233024691358,140.1747656257008,35.85345679012346,140.1747656257008,35.835709876543206,140.1981250007475,35.826836419753086
140.24484375084094,35.4186574074074,0.22898698510423807,11.0,140.26820312588765,35.409783950617275,140.26820312588765,35.42753086419753,140.24484375084094,35.43640432098765,140.22148437579423,35.42753086419753,140.22148437579423,35.409783950617275,140.24484375084094,35.400910493827155
140.24484375084094,35.47189814814814,0.23892966554925962,7.0,140.26820312588765,35.463024691358015,140.26820312588765,35.48077160493827,140.24484375084094,35.48964506172839,140.22148437579423,35.48077160493827,140.22148437579423,35.463024691358015,140.24484375084094,35.454151234567895
140.24484375084094,35.52513888888888,0.23469506272497473,18.0,140.26820312588765,35.516265432098756,140.26820312588765,35.53401234567901,140.24484375084094,35.54288580246913,140.22148437579423,35.53401234567901,140.22148437579423,35.516265432098756,140.24484375084094,35.507391975308636
140.24484375084094,35.57837962962962,0.5909888400213388,8.0,140.26820312588765,35.569506172839496,140.26820312588765,35.58725308641975,140.24484375084094,35.59612654320987,140.22148437579423,35.58725308641975,140.22148437579423,35.569506172839496,140.24484375084094,35.560632716049376
140.24484375084094,35.63162037037037,0.47273641631953156,2.0,140.26820312588765,35.622746913580244,140.26820312588765,35.6404938271605,140.24484375084094,35.64936728395062,140.22148437579423,35.6404938271605,140.22148437579423,35.622746913580244,140.24484375084094,35.613873456790124
140.24484375084094,35.68486111111111,0.37477071093655434,10.0,140.26820312588765,35.675987654320984,140.26820312588765,35.69373456790124,140.24484375084094,35.70260802469136,140.22148437579423,35.69373456790124,140.22148437579423,35.675987654320984,140.24484375084094,35.667114197530864
140.24484375084094,35.73810185185185,0.3773195151209902,17.0,140.26820312588765,35.729228395061725,140.26820312588765,35.74697530864198,140.24484375084094,35.7558487654321,140.22148437579423,35.74697530864198,140.22148437579423,35.729228395061725,140.24484375084094,35.720354938271605
140.24484375084094,35.79134259259259,0.3427094277843823,7.0,140.26820312588765,35.782469135802465,140.26820312588765,35.80021604938272,140.24484375084094,35.80908950617284,140.22148437579423,35.80021604938272,140.22148437579423,35.782469135802465,140.24484375084094,35.773595679012345
140.24484375084094,35.84458333333333,0.15926953559253723,18.0,140.26820312588765,35.835709876543206,140.26820312588765,35.85345679012346,140.24484375084094,35.86233024691358,140.22148437579423,35.85345679012346,140.22148437579423,35.835709876543206,140.24484375084094,35.826836419753086
140.2915625009344,35.31217592592592,0.269432408714694,3.0,140.3149218759811,35.303302469135794,140.3149218759811,35.32104938271605,140.2915625009344,35.32992283950617,140.26820312588768,35.32104938271605,140.26820312588768,35.303302469135794,140.2915625009344,35.294429012345674
140.2915625009344,35.4186574074074,0.3514507647169485,36.0,140.3149218759811,35.409783950617275,140.3149218759811,35.42753086419753,140.2915625009344,35.43640432098765,140.26820312588768,35.42753086419753,140.26820312588768,35.409783950617275,140.2915625009344,35.400910493827155
140.2915625009344,35.47189814814814,0.4172639253301333,13.0,140.3149218759811,35.463024691358015,140.3149218759811,35.48077160493827,140.2915625009344,35.48964506172839,140.26820312588768,35.48077160493827,140.26820312588768,35.463024691358015,140.2915625009344,35.454151234567895
140.2915625009344,35.52513888888888,0.13653060282063192,19.0,140.3149218759811,35.516265432098756,140.3149218759811,35.53401234567901,140.2915625009344,35.54288580246913,140.26820312588768,35.53401234567901,140.26820312588768,35.516265432098756,140.2915625009344,35.507391975308636
140.2915625009344,35.57837962962962,0.41405389836168205,10.0,140.3149218759811,35.569506172839496,140.3149218759811,35.58725308641975,140.2915625009344,35.59612654320987,140.26820312588768,35.58725308641975,140.26820312588768,35.569506172839496,140.2915625009344,35.560632716049376
140.2915625009344,35.63162037037037,0.47676252710143907,26.0,140.3149218759811,35.622746913580244,140.3149218759811,35.6404938271605,140.2915625009344,35.64936728395062,140.26820312588768,35.6404938271605,140.26820312588768,35.622746913580244,140.2915625009344,35.613873456790124
140.2915625009344,35.68486111111111,0.4539275448583647,27.0,140.3149218759811,35.675987654320984,140.3149218759811,35.69373456790124,140.2915625009344,35.70260802469136,140.26820312588768,35.69373456790124,140.26820312588768,35.675987654320984,140.2915625009344,35.667114197530864
140.2915625009344,35.73810185185185,0.4316546717955998,22.0,140.3149218759811,35.729228395061725,140.3149218759811,35.74697530864198,140.2915625009344,35.7558487654321,140.26820312588768,35.74697530864198,140.26820312588768,35.729228395061725,140.2915625009344,35.720354938271605
140.2915625009344,35.79134259259259,0.14403053434457558,28.0,140.3149218759811,35.782469135802465,140.3149218759811,35.80021604938272,140.2915625009344,35.80908950617284,140.26820312588768,35.80021604938272,140.26820312588768,35.782469135802465,140.2915625009344,35.773595679012345
140.2915625009344,35.84458333333333,0.33262829191734783,9.0,140.3149218759811,35.835709876543206,140.3149218759811,35.85345679012346,140.2915625009344,35.86233024691358,140.26820312588768,35.85345679012346,140.26820312588768,35.835709876543206,140.2915625009344,35.826836419753086
140.3382812510278,35.31217592592592,0.2490985870222636,8.0,140.36164062607452,35.303302469135794,140.36164062607452,35.32104938271605,140.3382812510278,35.32992283950617,140.3149218759811,35.32104938271605,140.3149218759811,35.303302469135794,140.3382812510278,35.294429012345674
140.3382812510278,35.36541666666666,0.32462278608159284,9.0,140.36164062607452,35.356543209876534,140.36164062607452,35.37429012345679,140.3382812510278,35.38316358024691,140.3149218759811,35.37429012345679,140.3149218759811,35.356543209876534,140.3382812510278,35.347669753086414
140.3382812510278,35.4186574074074,0.4485671641518627,34.0,140.36164062607452,35.409783950617275,140.36164062607452,35.42753086419753,140.3382812510278,35.43640432098765,140.3149218759811,35.42753086419753,140.3149218759811,35.409783950617275,140.3382812510278,35.400910493827155
140.3382812510278,35.47189814814814,0.4322683847430311,24.0,140.36164062607452,35.463024691358015,140.36164062607452,35.48077160493827,140.3382812510278,35.48964506172839,140.3149218759811,35.48077160493827,140.3149218759811,35.463024691358015,140.3382812510278,35.454151234567895
140.3382812510278,35.52513888888888,0.23859973026766512,28.0,140.36164062607452,35.516265432098756,140.36164062607452,35.53401234567901,140.3382812510278,35.54288580246913,140.3149218759811,35.53401234567901,140.3149218759811,35.516265432098756,140.3382812510278,35.507391975308636
140.3382812510278,35.57837962962962,0.33979372417483544,12.0,140.36164062607452,35.569506172839496,140.36164062607452,35.58725308641975,140.3382812510278,35.59612654320987,140.3149218759811,35.58725308641975,140.3149218759811,35.569506172839496,140.3382812510278,35.560632716049376
140.3382812510278,35.63162037037037,0.52004947392489,16.0,140.36164062607452,35.622746913580244,140.36164062607452,35.6404938271605,140.3382812510278,35.64936728395062,140.3149218759811,35.6404938271605,140.3149218759811,35.622746913580244,140.3382812510278,35.613873456790124
140.3382812510278,35.68486111111111,0.4395099796565939,23.0,140.36164062607452,35.675987654320984,140.36164062607452,35.69373456790124,140.3382812510278,35.70260802469136,140.3149218759811,35.69373456790124,140.3149218759811,35.675987654320984,140.3382812510278,35.667114197530864
140.3382812510278,35.73810185185185,0.4699420594336894,44.0,140.36164062607452,35.729228395061725,140.36164062607452,35.74697530864198,140.3382812510278,35.7558487654321,140.3149218759811,35.74697530864198,140.3149218759811,35.729228395061725,140.3382812510278,35.720354938271605
140.3382812510278,35.79134259259259,0.08441584372686721,13.0,140.36164062607452,35.782469135802465,140.36164062607452,35.80021604938272,140.3382812510278,35.80908950617284,140.3149218759811,35.80021604938272,140.3149218759811,35.782469135802465,140.3382812510278,35.773595679012345
140.3382812510278,35.84458333333333,0.21535615233974295,10.0,140.36164062607452,35.835709876543206,140.36164062607452,35.85345679012346,140.3382812510278,35.86233024691358,140.3149218759811,35.85345679012346,140.3149218759811,35.835709876543206,140.3382812510278,35.826836419753086
140.3382812510278,35.89782407407407,0.16486756266271865,1.0,140.36164062607452,35.888950617283946,140.36164062607452,35.9066975308642,140.3382812510278,35.91557098765432,140.3149218759811,35.9066975308642,140.3149218759811,35.888950617283946,140.3382812510278,35.880077160493826
140.38500000112126,35.31217592592592,0.12522576576552247,23.0,140.40835937616797,35.303302469135794,140.40835937616797,35.32104938271605,140.38500000112126,35.32992283950617,140.36164062607455,35.32104938271605,140.36164062607455,35.303302469135794,140.38500000112126,35.294429012345674
140.38500000112126,35.36541666666666,0.3063225546801125,18.0,140.40835937616797,35.356543209876534,140.40835937616797,35.37429012345679,140.38500000112126,35.38316358024691,140.36164062607455,35.37429012345679,140.36164062607455,35.356543209876534,140.38500000112126,35.347669753086414
140.38500000112126,35.4186574074074,0.4374692722013026,16.0,140.40835937616797,35.409783950617275,140.40835937616797,35.42753086419753,140.38500000112126,35.43640432098765,140.36164062607455,35.42753086419753,140.36164062607455,35.409783950617275,140.38500000112126,35.400910493827155
140.38500000112126,35.47189814814814,0.3654521700062662,10.0,140.40835937616797,35.463024691358015,140.40835937616797,35.48077160493827,140.38500000112126,35.48964506172839,140.36164062607455,35.48077160493827,140.36164062607455,35.463024691358015,140.38500000112126,35.454151234567895
140.38500000112126,35.52513888888888,0.4889584933340588,13.0,140.40835937616797,35.516265432098756,140.40835937616797,35.53401234567901,140.38500000112126,35.54288580246913,140.36164062607455,35.53401234567901,140.36164062607455,35.516265432098756,140.38500000112126,35.507391975308636
140.38500000112126,35.57837962962962,0.3732210587054783,28.0,140.40835937616797,35.569506172839496,140.40835937616797,35.58725308641975,140.38500000112126,35.59612654320987,140.36164062607455,35.58725308641975,140.36164062607455,35.569506172839496,140.38500000112126,35.560632716049376
140.38500000112126,35.63162037037037,0.32945758553182863,11.0,140.40835937616797,35.622746913580244,140.40835937616797,35.6404938271605,140.38500000112126,35.64936728395062,140.36164062607455,35.6404938271605,140.36164062607455,35.622746913580244,140.38500000112126,35.613873456790124
140.38500000112126,35.68486111111111,0.4622865461999235,12.0,140.40835937616797,35.675987654320984,140.40835937616797,35.69373456790124,140.38500000112126,35.70260802469136,140.36164062607455,35.69373456790124,140.36164062607455,35.675987654320984,140.38500000112126,35.667114197530864
140.38500000112126,35.73810185185185,0.35396933250010665,10.0,140.40835937616797,35.729228395061725,140.40835937616797,35.74697530864198,140.38500000112126,35.7558487654321,140.36164062607455,35.74697530864198,140.36164062607455,35.729228395061725,140.38500000112126,35.720354938271605
140.38500000112126,35.79134259259259,0.33632466824357443,4.0,140.40835937616797,35.782469135802465,140.40835937616797,35.80021604938272,140.38500000112126,35.80908950617284,140.36164062607455,35.80021604938272,140.36164062607455,35.782469135802465,140.38500000112126,35.773595679012345
140.38500000112126,35.84458333333333,0.3718561379313623,11.0,140.40835937616797,35.835709876543206,140.40835937616797,35.85345679012346,140.38500000112126,35.86233024691358,140.36164062607455,35.85345679012346,140.36164062607455,35.835709876543206,140.38500000112126,35.826836419753086
140.38500000112126,35.89782407407407,0.21018278205387314,5.0,140.40835937616797,35.888950617283946,140.40835937616797,35.9066975308642,140.38500000112126,35.91557098765432,140.36164062607455,35.9066975308642,140.36164062607455,35.888950617283946,140.38500000112126,35.880077160493826
140.4317187512147,35.31217592592592,0.1345538590337436,1.0,140.4550781262614,35.303302469135794,140.4550781262614,35.32104938271605,140.4317187512147,35.32992283950617,140.408359376168,35.32104938271605,140.408359376168,35.303302469135794,140.4317187512147,35.294429012345674
140.4317187512147,35.47189814814814,0.3343372129472213,3.0,140.4550781262614,35.463024691358015,140.4550781262614,35.48077160493827,140.4317187512147,35.48964506172839,140.408359376168,35.48077160493827,140.408359376168,35.463024691358015,140.4317187512147,35.454151234567895
140.4317187512147,35.52513888888888,0.5079646792955422,19.0,140.4550781262614,35.516265432098756,140.4550781262614,35.53401234567901,140.4317187512147,35.54288580246913,140.408359376168,35.53401234567901,140.408359376168,35.516265432098756,140.4317187512147,35.507391975308636
140.4317187512147,35.57837962962962,0.5299155838789238,21.0,140.4550781262614,35.569506172839496,140.4550781262614,35.58725308641975,140.4317187512147,35.59612654320987,140.408359376168,35.58725308641975,140.408359376168,35.569506172839496,140.4317187512147,35.560632716049376
140.4317187512147,35.63162037037037,0.5580252312444584,5.0,140.4550781262614,35.622746913580244,140.4550781262614,35.6404938271605,140.4317187512147,35.64936728395062,140.408359376168,35.6404938271605,140.408359376168,35.622746913580244,140.4317187512147,35.613873456790124
140.4317187512147,35.68486111111111,0.5989898974446026,3.0,140.4550781262614,35.675987654320984,140.4550781262614,35.69373456790124,140.4317187512147,35.70260802469136,140.408359376168,35.69373456790124,140.408359376168,35.675987654320984,140.4317187512147,35.667114197530864
140.4317187512147,35.73810185185185,0.5070170365612119,3.0,140.4550781262614,35.729228395061725,140.4550781262614,35.74697530864198,140.4317187512147,35.7558487654321,140.408359376168,35.74697530864198,140.408359376168,35.729228395061725,140.4317187512147,35.720354938271605
140.4317187512147,35.79134259259259,0.5023961426674961,11.0,140.4550781262614,35.782469135802465,140.4550781262614,35.80021604938272,140.4317187512147,35.80908950617284,140.408359376168,35.80021604938272,140.408359376168,35.782469135802465,140.4317187512147,35.773595679012345
140.4317187512147,35.84458333333333,0.44521555358107523,5.0,140.4550781262614,35.835709876543206,140.4550781262614,35.85345679012346,140.4317187512147,35.86233024691358,140.408359376168,35.85345679012346,140.408359376168,35.835709876543206,140.4317187512147,35.826836419753086
140.4317187512147,35.89782407407407,0.16660348681420523,15.0,140.4550781262614,35.888950617283946,140.4550781262614,35.9066975308642,140.4317187512147,35.91557098765432,140.408359376168,35.9066975308642,140.408359376168,35.888950617283946,140.4317187512147,35.880077160493826
140.47843750130812,35.57837962962962,0.5107192545759605,12.0,140.50179687635483,35.569506172839496,140.50179687635483,35.58725308641975,140.47843750130812,35.59612654320987,140.4550781262614,35.58725308641975,140.4550781262614,35.569506172839496,140.47843750130812,35.560632716049376
140.47843750130812,35.63162037037037,0.5126602677000804,18.0,140.50179687635483,35.622746913580244,140.50179687635483,35.6404938271605,140.47843750130812,35.64936728395062,140.4550781262614,35.6404938271605,140.4550781262614,35.622746913580244,140.47843750130812,35.613873456790124
140.47843750130812,35.68486111111111,0.5666960923686301,5.0,140.50179687635483,35.675987654320984,140.50179687635483,35.69373456790124,140.47843750130812,35.70260802469136,140.4550781262614,35.69373456790124,140.4550781262614,35.675987654320984,140.47843750130812,35.667114197530864
140.47843750130812,35.73810185185185,0.26453412614249094,9.0,140.50179687635483,35.729228395061725,140.50179687635483,35.74697530864198,140.47843750130812,35.7558487654321,140.4550781262614,35.74697530864198,140.4550781262614,35.729228395061725,140.47843750130812,35.720354938271605
140.47843750130812,35.79134259259259,0.7060418388593435,3.0,140.50179687635483,35.782469135802465,140.50179687635483,35.80021604938272,140.47843750130812,35.80908950617284,140.4550781262614,35.80021604938272,140.4550781262614,35.782469135802465,140.47843750130812,35.773595679012345
140.47843750130812,35.84458333333333,0.46758810289555197,6.0,140.50179687635483,35.835709876543206,140.50179687635483,35.85345679012346,140.47843750130812,35.86233024691358,140.4550781262614,35.85345679012346,140.4550781262614,35.835709876543206,140.47843750130812,35.826836419753086
140.47843750130812,35.89782407407407,0.15211187480827612,23.0,140.50179687635483,35.888950617283946,140.50179687635483,35.9066975308642,140.47843750130812,35.91557098765432,140.4550781262614,35.9066975308642,140.4550781262614,35.888950617283946,140.47843750130812,35.880077160493826
140.52515625140157,35.79134259259259,0.24553896352652033,5.0,140.54851562644828,35.782469135802465,140.54851562644828,35.80021604938272,140.52515625140157,35.80908950617284,140.50179687635486,35.80021604938272,140.50179687635486,35.782469135802465,140.52515625140157,35.773595679012345
140.52515625140157,35.84458333333333,0.6431067247841922,9.0,140.54851562644828,35.835709876543206,140.54851562644828,35.85345679012346,140.52515625140157,35.86233024691358,140.50179687635486,35.85345679012346,140.50179687635486,35.835709876543206,140.52515625140157,35.826836419753086
140.52515625140157,35.89782407407407,0.2555588945234438,18.0,140.54851562644828,35.888950617283946,140.54851562644828,35.9066975308642,140.52515625140157,35.91557098765432,140.50179687635486,35.9066975308642,140.50179687635486,35.888950617283946,140.52515625140157,35.880077160493826
140.52515625140157,35.95106481481481,0.11151391451622109,5.0,140.54851562644828,35.94219135802469,140.54851562644828,35.95993827160494,140.52515625140157,35.96881172839506,140.50179687635486,35.95993827160494,140.50179687635486,35.94219135802469,140.52515625140157,35.93331790123457
140.57187500149502,35.63162037037037,0.4487529558710882,1.0,140.59523437654173,35.622746913580244,140.59523437654173,35.6404938271605,140.57187500149502,35.64936728395062,140.5485156264483,35.6404938271605,140.5485156264483,35.622746913580244,140.57187500149502,35.613873456790124
140.57187500149502,35.68486111111111,0.448852986151269,10.0,140.59523437654173,35.675987654320984,140.59523437654173,35.69373456790124,140.57187500149502,35.70260802469136,140.5485156264483,35.69373456790124,140.5485156264483,35.675987654320984,140.57187500149502,35.667114197530864
140.57187500149502,35.73810185185185,0.45136016185682154,5.0,140.59523437654173,35.729228395061725,140.59523437654173,35.74697530864198,140.57187500149502,35.7558487654321,140.5485156264483,35.74697530864198,140.5485156264483,35.729228395061725,140.57187500149502,35.720354938271605
140.57187500149502,35.79134259259259,0.2189386537145247,4.0,140.59523437654173,35.782469135802465,140.59523437654173,35.80021604938272,140.57187500149502,35.80908950617284,140.5485156264483,35.80021604938272,140.5485156264483,35.782469135802465,140.57187500149502,35.773595679012345
140.57187500149502,35.84458333333333,0.6773553627964378,11.0,140.59523437654173,35.835709876543206,140.59523437654173,35.85345679012346,140.57187500149502,35.86233024691358,140.5485156264483,35.85345679012346,140.5485156264483,35.835709876543206,140.57187500149502,35.826836419753086
140.57187500149502,35.89782407407407,0.6404924590795043,8.0,140.59523437654173,35.888950617283946,140.59523437654173,35.9066975308642,140.57187500149502,35.91557098765432,140.5485156264483,35.9066975308642,140.5485156264483,35.888950617283946,140.57187500149502,35.880077160493826
140.61859375158843,35.68486111111111,0.47045415543068214,13.0,140.64195312663514,35.675987654320984,140.64195312663514,35.69373456790124,140.61859375158843,35.70260802469136,140.59523437654173,35.69373456790124,140.59523437654173,35.675987654320984,140.61859375158843,35.667114197530864
140.61859375158843,35.73810185185185,0.31779699156476143,13.0,140.64195312663514,35.729228395061725,140.64195312663514,35.74697530864198,140.61859375158843,35.7558487654321,140.59523437654173,35.74697530864198,140.59523437654173,35.729228395061725,140.61859375158843,35.720354938271605
140.61859375158843,35.79134259259259,0.20870122450509743,5.0,140.64195312663514,35.782469135802465,140.64195312663514,35.80021604938272,140.61859375158843,35.80908950617284,140.59523437654173,35.80021604938272,140.59523437654173,35.782469135802465,140.61859375158843,35.773595679012345
140.61859375158843,35.84458333333333,0.4561691444704752,19.0,140.64195312663514,35.835709876543206,140.64195312663514,35.85345679012346,140.61859375158843,35.86233024691358,140.59523437654173,35.85345679012346,140.59523437654173,35.835709876543206,140.61859375158843,35.826836419753086
140.66531250168188,35.68486111111111,0.27440746161214685,4.0,140.6886718767286,35.675987654320984,140.6886718767286,35.69373456790124,140.66531250168188,35.70260802469136,140.64195312663517,35.69373456790124,140.64195312663517,35.675987654320984,140.66531250168188,35.667114197530864
140.66531250168188,35.73810185185185,0.3514790778405097,22.0,140.6886718767286,35.729228395061725,140.6886718767286,35.74697530864198,140.66531250168188,35.7558487654321,140.64195312663517,35.74697530864198,140.64195312663517,35.729228395061725,140.66531250168188,35.720354938271605
140.66531250168188,35.79134259259259,0.35776708708916416,14.0,140.6886718767286,35.782469135802465,140.6886718767286,35.80021604938272,140.66531250168188,35.80908950617284,140.64195312663517,35.80021604938272,140.64195312663517,35.782469135802465,140.66531250168188,35.773595679012345
140.66531250168188,35.84458333333333,0.2714511987033055,13.0,140.6886718767286,35.835709876543206,140.6886718767286,35.85345679012346,140.66531250168188,35.86233024691358,140.64195312663517,35.85345679012346,140.64195312663517,35.835709876543206,140.66531250168188,35.826836419753086
140.71203125177533,35.68486111111111,0.23551357921268207,1.0,140.73539062682204,35.675987654320984,140.73539062682204,35.69373456790124,140.71203125177533,35.70260802469136,140.68867187672862,35.69373456790124,140.68867187672862,35.675987654320984,140.71203125177533,35.667114197530864
140.71203125177533,35.73810185185185,0.30312008634246224,6.0,140.73539062682204,35.729228395061725,140.73539062682204,35.74697530864198,140.71203125177533,35.7558487654321,140.68867187672862,35.74697530864198,140.68867187672862,35.729228395061725,140.71203125177533,35.720354938271605
140.71203125177533,35.79134259259259,0.34353718885916446,11.0,140.73539062682204,35.782469135802465,140.73539062682204,35.80021604938272,140.71203125177533,35.80908950617284,140.68867187672862,35.80021604938272,140.68867187672862,35.782469135802465,140.71203125177533,35.773595679012345
140.71203125177533,35.84458333333333,0.3625175911977732,1.0,140.73539062682204,35.835709876543206,140.73539062682204,35.85345679012346,140.71203125177533,35.86233024691358,140.68867187672862,35.85345679012346,140.68867187672862,35.835709876543206,140.71203125177533,35.826836419753086
140.75875000186875,35.73810185185185,0.44535129755135167,2.0,140.78210937691546,35.729228395061725,140.78210937691546,35.74697530864198,140.75875000186875,35.7558487654321,140.73539062682204,35.74697530864198,140.73539062682204,35.729228395061725,140.75875000186875,35.720354938271605
140.8054687519622,35.73810185185185,0.3111900863341098,21.0,140.8288281270089,35.729228395061725,140.8288281270089,35.74697530864198,140.8054687519622,35.7558487654321,140.78210937691549,35.74697530864198,140.78210937691549,35.729228395061725,140.8054687519622,35.720354938271605
140.85218750205564,35.68486111111111,0.28737466052639615,1.0,140.87554687710235,35.675987654320984,140.87554687710235,35.69373456790124,140.85218750205564,35.70260802469136,140.82882812700893,35.69373456790124,140.82882812700893,35.675987654320984,140.85218750205564,35.667114197530864
140.85218750205564,35.73810185185185,0.2101855808130587,13.0,140.87554687710235,35.729228395061725,140.87554687710235,35.74697530864198,140.85218750205564,35.7558487654321,140.82882812700893,35.74697530864198,140.82882812700893,35.729228395061725,140.85218750205564,35.720354938271605
139.00679687336483,35.285555555555554,0.07728463254900425,3.0,139.03015624841154,35.27668209876543,139.03015624841154,35.29442901234568,139.00679687336483,35.3033024691358,138.98343749831812,35.29442901234568,138.98343749831812,35.27668209876543,139.00679687336483,35.26780864197531
139.00679687336483,35.97768518518518,0.38268486706343297,1.0,139.03015624841154,35.96881172839505,139.03015624841154,35.98655864197531,139.00679687336483,35.99543209876543,138.98343749831812,35.98655864197531,138.98343749831812,35.96881172839505,139.00679687336483,35.95993827160493
139.00679687336483,36.03092592592592,0.26407805669319667,7.0,139.03015624841154,36.022052469135794,139.03015624841154,36.03979938271605,139.00679687336483,36.04867283950617,138.98343749831812,36.03979938271605,138.98343749831812,36.022052469135794,139.00679687336483,36.013179012345674
139.05351562345828,35.23231481481481,0.07681777711443011,1.0,139.076874998505,35.22344135802469,139.076874998505,35.24118827160494,139.05351562345828,35.25006172839506,139.03015624841157,35.24118827160494,139.03015624841157,35.22344135802469,139.05351562345828,35.21456790123457
139.05351562345828,35.338796296296294,0.48789550354081485,2.0,139.076874998505,35.32992283950617,139.076874998505,35.34766975308642,139.05351562345828,35.35654320987654,139.03015624841157,35.34766975308642,139.03015624841157,35.32992283950617,139.05351562345828,35.32104938271605
139.05351562345828,35.392037037037035,0.11204710217796689,1.0,139.076874998505,35.38316358024691,139.076874998505,35.40091049382716,139.05351562345828,35.40978395061728,139.03015624841157,35.40091049382716,139.03015624841157,35.38316358024691,139.05351562345828,35.37429012345679
139.05351562345828,35.97768518518518,0.18930463611572537,21.0,139.076874998505,35.96881172839505,139.076874998505,35.98655864197531,139.05351562345828,35.99543209876543,139.03015624841157,35.98655864197531,139.03015624841157,35.96881172839505,139.05351562345828,35.95993827160493
139.05351562345828,36.03092592592592,0.3255572544055179,13.0,139.076874998505,36.022052469135794,139.076874998505,36.03979938271605,139.05351562345828,36.04867283950617,139.03015624841157,36.03979938271605,139.03015624841157,36.022052469135794,139.05351562345828,36.013179012345674
139.05351562345828,36.1374074074074,0.17224350483216386,3.0,139.076874998505,36.128533950617275,139.076874998505,36.14628086419753,139.05351562345828,36.15515432098765,139.03015624841157,36.14628086419753,139.03015624841157,36.128533950617275,139.05351562345828,36.119660493827155
139.05351562345828,36.19064814814814,0.3098710805777626,3.0,139.076874998505,36.181774691358015,139.076874998505,36.19952160493827,139.05351562345828,36.20839506172839,139.03015624841157,36.19952160493827,139.03015624841157,36.181774691358015,139.05351562345828,36.172901234567895
139.10023437355173,35.12583333333333,0.01027349192005884,3.0,139.12359374859844,35.116959876543206,139.12359374859844,35.13470679012346,139.10023437355173,35.14358024691358,139.07687499850502,35.13470679012346,139.07687499850502,35.116959876543206,139.10023437355173,35.108086419753086
139.10023437355173,35.17907407407407,0.022569413598116962,2.0,139.12359374859844,35.170200617283946,139.12359374859844,35.1879475308642,139.10023437355173,35.19682098765432,139.07687499850502,35.1879475308642,139.07687499850502,35.170200617283946,139.10023437355173,35.161327160493826
139.10023437355173,35.23231481481481,0.10889413332614897,3.0,139.12359374859844,35.22344135802469,139.12359374859844,35.24118827160494,139.10023437355173,35.25006172839506,139.07687499850502,35.24118827160494,139.07687499850502,35.22344135802469,139.10023437355173,35.21456790123457
139.10023437355173,35.285555555555554,0.5097228452923239,6.0,139.12359374859844,35.27668209876543,139.12359374859844,35.29442901234568,139.10023437355173,35.3033024691358,139.07687499850502,35.29442901234568,139.07687499850502,35.27668209876543,139.10023437355173,35.26780864197531
139.10023437355173,35.338796296296294,0.4424150776622112,32.0,139.12359374859844,35.32992283950617,139.12359374859844,35.34766975308642,139.10023437355173,35.35654320987654,139.07687499850502,35.34766975308642,139.07687499850502,35.32992283950617,139.10023437355173,35.32104938271605
139.10023437355173,35.392037037037035,0.2983540987989205,1.0,139.12359374859844,35.38316358024691,139.12359374859844,35.40091049382716,139.10023437355173,35.40978395061728,139.07687499850502,35.40091049382716,139.07687499850502,35.38316358024691,139.10023437355173,35.37429012345679
139.10023437355173,35.97768518518518,0.24174928333615103,22.0,139.12359374859844,35.96881172839505,139.12359374859844,35.98655864197531,139.10023437355173,35.99543209876543,139.07687499850502,35.98655864197531,139.07687499850502,35.96881172839505,139.10023437355173,35.95993827160493
139.10023437355173,36.03092592592592,0.34319700095559424,38.0,139.12359374859844,36.022052469135794,139.12359374859844,36.03979938271605,139.10023437355173,36.04867283950617,139.07687499850502,36.03979938271605,139.07687499850502,36.022052469135794,139.10023437355173,36.013179012345674
139.10023437355173,36.08416666666666,0.3183584817747107,25.0,139.12359374859844,36.075293209876534,139.12359374859844,36.09304012345679,139.10023437355173,36.10191358024691,139.07687499850502,36.09304012345679,139.07687499850502,36.075293209876534,139.10023437355173,36.066419753086414
139.10023437355173,36.19064814814814,0.39929511767580683,23.0,139.12359374859844,36.181774691358015,139.12359374859844,36.19952160493827,139.10023437355173,36.20839506172839,139.07687499850502,36.19952160493827,139.07687499850502,36.181774691358015,139.10023437355173,36.172901234567895
139.10023437355173,36.24388888888888,0.4886258021299667,4.0,139.12359374859844,36.235015432098756,139.12359374859844,36.25276234567901,139.10023437355173,36.26163580246913,139.07687499850502,36.25276234567901,139.07687499850502,36.235015432098756,139.10023437355173,36.226141975308636
139.14695312364515,35.17907407407407,0.019761654165367137,5.0,139.17031249869186,35.170200617283946,139.17031249869186,35.1879475308642,139.14695312364515,35.19682098765432,139.12359374859844,35.1879475308642,139.12359374859844,35.170200617283946,139.14695312364515,35.161327160493826
139.14695312364515,35.23231481481481,0.34724698766744094,7.0,139.17031249869186,35.22344135802469,139.17031249869186,35.24118827160494,139.14695312364515,35.25006172839506,139.12359374859844,35.24118827160494,139.12359374859844,35.22344135802469,139.14695312364515,35.21456790123457
139.14695312364515,35.285555555555554,0.3767910786580524,42.0,139.17031249869186,35.27668209876543,139.17031249869186,35.29442901234568,139.14695312364515,35.3033024691358,139.12359374859844,35.29442901234568,139.12359374859844,35.27668209876543,139.14695312364515,35.26780864197531
139.14695312364515,35.338796296296294,0.3743907871560967,35.0,139.17031249869186,35.32992283950617,139.17031249869186,35.34766975308642,139.14695312364515,35.35654320987654,139.12359374859844,35.34766975308642,139.12359374859844,35.32992283950617,139.14695312364515,35.32104938271605
139.14695312364515,35.392037037037035,0.2848189317118746,7.0,139.17031249869186,35.38316358024691,139.17031249869186,35.40091049382716,139.14695312364515,35.40978395061728,139.12359374859844,35.40091049382716,139.12359374859844,35.38316358024691,139.14695312364515,35.37429012345679
139.14695312364515,36.03092592592592,0.413335048357143,1.0,139.17031249869186,36.022052469135794,139.17031249869186,36.03979938271605,139.14695312364515,36.04867283950617,139.12359374859844,36.03979938271605,139.12359374859844,36.022052469135794,139.14695312364515,36.013179012345674
139.14695312364515,36.1374074074074,0.37118512913818796,5.0,139.17031249869186,36.128533950617275,139.17031249869186,36.14628086419753,139.14695312364515,36.15515432098765,139.12359374859844,36.14628086419753,139.12359374859844,36.128533950617275,139.14695312364515,36.119660493827155
139.14695312364515,36.19064814814814,0.44661806227795875,25.0,139.17031249869186,36.181774691358015,139.17031249869186,36.19952160493827,139.14695312364515,36.20839506172839,139.12359374859844,36.19952160493827,139.12359374859844,36.181774691358015,139.14695312364515,36.172901234567895
139.14695312364515,36.24388888888888,0.4758421284767176,18.0,139.17031249869186,36.235015432098756,139.17031249869186,36.25276234567901,139.14695312364515,36.26163580246913,139.12359374859844,36.25276234567901,139.12359374859844,36.235015432098756,139.14695312364515,36.226141975308636
139.1936718737386,35.285555555555554,0.3704570242209838,40.0,139.2170312487853,35.27668209876543,139.2170312487853,35.29442901234568,139.1936718737386,35.3033024691358,139.17031249869189,35.29442901234568,139.17031249869189,35.27668209876543,139.1936718737386,35.26780864197531
139.1936718737386,35.338796296296294,0.4890658120084503,9.0,139.2170312487853,35.32992283950617,139.2170312487853,35.34766975308642,139.1936718737386,35.35654320987654,139.17031249869189,35.34766975308642,139.17031249869189,35.32992283950617,139.1936718737386,35.32104938271605
139.1936718737386,35.392037037037035,0.31355443840013536,38.0,139.2170312487853,35.38316358024691,139.2170312487853,35.40091049382716,139.1936718737386,35.40978395061728,139.17031249869189,35.40091049382716,139.17031249869189,35.38316358024691,139.1936718737386,35.37429012345679
139.1936718737386,35.551759259259256,0.1140005851736857,3.0,139.2170312487853,35.54288580246913,139.2170312487853,35.56063271604938,139.1936718737386,35.5695061728395,139.17031249869189,35.56063271604938,139.17031249869189,35.54288580246913,139.1936718737386,35.53401234567901
139.1936718737386,35.605,0.09806720837695171,10.0,139.2170312487853,35.59612654320987,139.2170312487853,35.613873456790124,139.1936718737386,35.622746913580244,139.17031249869189,35.613873456790124,139.17031249869189,35.59612654320987,139.1936718737386,35.58725308641975
139.1936718737386,35.65824074074074,0.0,1.0,139.2170312487853,35.64936728395061,139.2170312487853,35.667114197530864,139.1936718737386,35.675987654320984,139.17031249869189,35.667114197530864,139.17031249869189,35.64936728395061,139.1936718737386,35.64049382716049
139.1936718737386,35.81796296296296,0.08463043452076746,5.0,139.2170312487853,35.80908950617283,139.2170312487853,35.826836419753086,139.1936718737386,35.835709876543206,139.17031249869189,35.826836419753086,139.17031249869189,35.80908950617283,139.1936718737386,35.80021604938271
139.1936718737386,35.8712037037037,0.0010088521516891638,1.0,139.2170312487853,35.86233024691357,139.2170312487853,35.880077160493826,139.1936718737386,35.888950617283946,139.17031249869189,35.880077160493826,139.17031249869189,35.86233024691357,139.1936718737386,35.85345679012345
139.1936718737386,36.03092592592592,0.11633873045473747,1.0,139.2170312487853,36.022052469135794,139.2170312487853,36.03979938271605,139.1936718737386,36.04867283950617,139.17031249869189,36.03979938271605,139.17031249869189,36.022052469135794,139.1936718737386,36.013179012345674
139.1936718737386,36.08416666666666,0.350796892145962,5.0,139.2170312487853,36.075293209876534,139.2170312487853,36.09304012345679,139.1936718737386,36.10191358024691,139.17031249869189,36.09304012345679,139.17031249869189,36.075293209876534,139.1936718737386,36.066419753086414
139.1936718737386,36.1374074074074,0.4158259317922496,21.0,139.2170312487853,36.128533950617275,139.2170312487853,36.14628086419753,139.1936718737386,36.15515432098765,139.17031249869189,36.14628086419753,139.17031249869189,36.128533950617275,139.1936718737386,36.119660493827155
139.1936718737386,36.19064814814814,0.40653217071981396,17.0,139.2170312487853,36.181774691358015,139.2170312487853,36.19952160493827,139.1936718737386,36.20839506172839,139.17031249869189,36.19952160493827,139.17031249869189,36.181774691358015,139.1936718737386,36.172901234567895
139.1936718737386,36.24388888888888,0.37782044721666397,18.0,139.2170312487853,36.235015432098756,139.2170312487853,36.25276234567901,139.1936718737386,36.26163580246913,139.17031249869189,36.25276234567901,139.17031249869189,36.235015432098756,139.1936718737386,36.226141975308636
139.24039062383204,35.285555555555554,0.41224963925190844,14.0,139.26374999887875,35.27668209876543,139.26374999887875,35.29442901234568,139.24039062383204,35.3033024691358,139.21703124878533,35.29442901234568,139.21703124878533,35.27668209876543,139.24039062383204,35.26780864197531
139.24039062383204,35.338796296296294,0.3121015327031327,16.0,139.26374999887875,35.32992283950617,139.26374999887875,35.34766975308642,139.24039062383204,35.35654320987654,139.21703124878533,35.34766975308642,139.21703124878533,35.32992283950617,139.24039062383204,35.32104938271605
139.24039062383204,35.392037037037035,0.42869568971986055,23.0,139.26374999887875,35.38316358024691,139.26374999887875,35.40091049382716,139.24039062383204,35.40978395061728,139.21703124878533,35.40091049382716,139.21703124878533,35.38316358024691,139.24039062383204,35.37429012345679
139.24039062383204,35.551759259259256,0.40958763919004343,10.0,139.26374999887875,35.54288580246913,139.26374999887875,35.56063271604938,139.24039062383204,35.5695061728395,139.21703124878533,35.56063271604938,139.21703124878533,35.54288580246913,139.24039062383204,35.53401234567901
139.24039062383204,35.605,0.3589115522021994,13.0,139.26374999887875,35.59612654320987,139.26374999887875,35.613873456790124,139.24039062383204,35.622746913580244,139.21703124878533,35.613873456790124,139.21703124878533,35.59612654320987,139.24039062383204,35.58725308641975
139.24039062383204,35.65824074074074,0.27395028186701587,3.0,139.26374999887875,35.64936728395061,139.26374999887875,35.667114197530864,139.24039062383204,35.675987654320984,139.21703124878533,35.667114197530864,139.21703124878533,35.64936728395061,139.24039062383204,35.64049382716049
139.24039062383204,35.71148148148148,0.40837958475788316,6.0,139.26374999887875,35.70260802469135,139.26374999887875,35.720354938271605,139.24039062383204,35.729228395061725,139.21703124878533,35.720354938271605,139.21703124878533,35.70260802469135,139.24039062383204,35.69373456790123
139.24039062383204,35.76472222222222,0.3876308675872851,5.0,139.26374999887875,35.75584876543209,139.26374999887875,35.773595679012345,139.24039062383204,35.782469135802465,139.21703124878533,35.773595679012345,139.21703124878533,35.75584876543209,139.24039062383204,35.74697530864197
139.24039062383204,35.81796296296296,0.16378487623057286,1.0,139.26374999887875,35.80908950617283,139.26374999887875,35.826836419753086,139.24039062383204,35.835709876543206,139.21703124878533,35.826836419753086,139.21703124878533,35.80908950617283,139.24039062383204,35.80021604938271
139.24039062383204,35.8712037037037,0.016527739898510307,12.0,139.26374999887875,35.86233024691357,139.26374999887875,35.880077160493826,139.24039062383204,35.888950617283946,139.21703124878533,35.880077160493826,139.21703124878533,35.86233024691357,139.24039062383204,35.85345679012345
139.24039062383204,36.03092592592592,0.20994826735315053,5.0,139.26374999887875,36.022052469135794,139.26374999887875,36.03979938271605,139.24039062383204,36.04867283950617,139.21703124878533,36.03979938271605,139.21703124878533,36.022052469135794,139.24039062383204,36.013179012345674
139.24039062383204,36.08416666666666,0.31410124904733305,3.0,139.26374999887875,36.075293209876534,139.26374999887875,36.09304012345679,139.24039062383204,36.10191358024691,139.21703124878533,36.09304012345679,139.21703124878533,36.075293209876534,139.24039062383204,36.066419753086414
139.24039062383204,36.1374074074074,0.3479262943354892,33.0,139.26374999887875,36.128533950617275,139.26374999887875,36.14628086419753,139.24039062383204,36.15515432098765,139.21703124878533,36.14628086419753,139.21703124878533,36.128533950617275,139.24039062383204,36.119660493827155
139.24039062383204,36.19064814814814,0.4026942448759716,30.0,139.26374999887875,36.181774691358015,139.26374999887875,36.19952160493827,139.24039062383204,36.20839506172839,139.21703124878533,36.19952160493827,139.21703124878533,36.181774691358015,139.24039062383204,36.172901234567895
139.24039062383204,36.24388888888888,0.26574517482568916,10.0,139.26374999887875,36.235015432098756,139.26374999887875,36.25276234567901,139.24039062383204,36.26163580246913,139.21703124878533,36.25276234567901,139.21703124878533,36.235015432098756,139.24039062383204,36.226141975308636
139.28710937392546,35.285555555555554,0.01081333145507138,1.0,139.31046874897217,35.27668209876543,139.31046874897217,35.29442901234568,139.28710937392546,35.3033024691358,139.26374999887875,35.29442901234568,139.26374999887875,35.27668209876543,139.28710937392546,35.26780864197531
139.28710937392546,35.338796296296294,0.3752655365164414,30.0,139.31046874897217,35.32992283950617,139.31046874897217,35.34766975308642,139.28710937392546,35.35654320987654,139.26374999887875,35.34766975308642,139.26374999887875,35.32992283950617,139.28710937392546,35.32104938271605
139.28710937392546,35.392037037037035,0.27021418733323815,33.0,139.31046874897217,35.38316358024691,139.31046874897217,35.40091049382716,139.28710937392546,35.40978395061728,139.26374999887875,35.40091049382716,139.26374999887875,35.38316358024691,139.28710937392546,35.37429012345679
139.28710937392546,35.445277777777775,0.4351020550325385,19.0,139.31046874897217,35.43640432098765,139.31046874897217,35.4541512345679,139.28710937392546,35.46302469135802,139.26374999887875,35.4541512345679,139.26374999887875,35.43640432098765,139.28710937392546,35.42753086419753
139.28710937392546,35.498518518518516,0.5392535417268656,5.0,139.31046874897217,35.48964506172839,139.31046874897217,35.50739197530864,139.28710937392546,35.51626543209876,139.26374999887875,35.50739197530864,139.26374999887875,35.48964506172839,139.28710937392546,35.48077160493827
139.28710937392546,35.551759259259256,0.2620786816041018,4.0,139.31046874897217,35.54288580246913,139.31046874897217,35.56063271604938,139.28710937392546,35.5695061728395,139.26374999887875,35.56063271604938,139.26374999887875,35.54288580246913,139.28710937392546,35.53401234567901
139.28710937392546,35.605,0.40160185437957296,23.0,139.31046874897217,35.59612654320987,139.31046874897217,35.613873456790124,139.28710937392546,35.622746913580244,139.26374999887875,35.613873456790124,139.26374999887875,35.59612654320987,139.28710937392546,35.58725308641975
139.28710937392546,35.65824074074074,0.25645063608078955,40.0,139.31046874897217,35.64936728395061,139.31046874897217,35.667114197530864,139.28710937392546,35.675987654320984,139.26374999887875,35.667114197530864,139.26374999887875,35.64936728395061,139.28710937392546,35.64049382716049
139.28710937392546,35.71148148148148,0.3608637406708758,27.0,139.31046874897217,35.70260802469135,139.31046874897217,35.720354938271605,139.28710937392546,35.729228395061725,139.26374999887875,35.720354938271605,139.26374999887875,35.70260802469135,139.28710937392546,35.69373456790123
139.28710937392546,35.76472222222222,0.37469508115146066,25.0,139.31046874897217,35.75584876543209,139.31046874897217,35.773595679012345,139.28710937392546,35.782469135802465,139.26374999887875,35.773595679012345,139.26374999887875,35.75584876543209,139.28710937392546,35.74697530864197
139.28710937392546,35.81796296296296,0.4164655574334275,15.0,139.31046874897217,35.80908950617283,139.31046874897217,35.826836419753086,139.28710937392546,35.835709876543206,139.26374999887875,35.826836419753086,139.26374999887875,35.80908950617283,139.28710937392546,35.80021604938271
139.28710937392546,35.8712037037037,0.2475683910422027,20.0,139.31046874897217,35.86233024691357,139.31046874897217,35.880077160493826,139.28710937392546,35.888950617283946,139.26374999887875,35.880077160493826,139.26374999887875,35.86233024691357,139.28710937392546,35.85345679012345
139.28710937392546,35.92444444444444,0.43578779356808656,5.0,139.31046874897217,35.91557098765431,139.31046874897217,35.93331790123457,139.28710937392546,35.94219135802469,139.26374999887875,35.93331790123457,139.26374999887875,35.91557098765431,139.28710937392546,35.90669753086419
139.28710937392546,35.97768518518518,0.25035367031724853,15.0,139.31046874897217,35.96881172839505,139.31046874897217,35.98655864197531,139.28710937392546,35.99543209876543,139.26374999887875,35.98655864197531,139.26374999887875,35.96881172839505,139.28710937392546,35.95993827160493
139.28710937392546,36.03092592592592,0.28624631037698817,9.0,139.31046874897217,36.022052469135794,139.31046874897217,36.03979938271605,139.28710937392546,36.04867283950617,139.26374999887875,36.03979938271605,139.26374999887875,36.022052469135794,139.28710937392546,36.013179012345674
139.28710937392546,36.08416666666666,0.34098167513366373,11.0,139.31046874897217,36.075293209876534,139.31046874897217,36.09304012345679,139.28710937392546,36.10191358024691,139.26374999887875,36.09304012345679,139.26374999887875,36.075293209876534,139.28710937392546,36.066419753086414
139.28710937392546,36.1374074074074,0.5444959333988011,32.0,139.31046874897217,36.128533950617275,139.31046874897217,36.14628086419753,139.28710937392546,36.15515432098765,139.26374999887875,36.14628086419753,139.26374999887875,36.128533950617275,139.28710937392546,36.119660493827155
139.28710937392546,36.19064814814814,0.4809447391140708,49.0,139.31046874897217,36.181774691358015,139.31046874897217,36.19952160493827,139.28710937392546,36.20839506172839,139.26374999887875,36.19952160493827,139.26374999887875,36.181774691358015,139.28710937392546,36.172901234567895
139.28710937392546,36.24388888888888,0.2741516377502083,11.0,139.31046874897217,36.235015432098756,139.31046874897217,36.25276234567901,139.28710937392546,36.26163580246913,139.26374999887875,36.25276234567901,139.26374999887875,36.235015432098756,139.28710937392546,36.226141975308636
139.3338281240189,35.338796296296294,0.4437758648672078,41.0,139.35718749906562,35.32992283950617,139.35718749906562,35.34766975308642,139.3338281240189,35.35654320987654,139.3104687489722,35.34766975308642,139.3104687489722,35.32992283950617,139.3338281240189,35.32104938271605
139.3338281240189,35.392037037037035,0.4754640999708771,37.0,139.35718749906562,35.38316358024691,139.35718749906562,35.40091049382716,139.3338281240189,35.40978395061728,139.3104687489722,35.40091049382716,139.3104687489722,35.38316358024691,139.3338281240189,35.37429012345679
139.3338281240189,35.445277777777775,0.43294220283366064,41.0,139.35718749906562,35.43640432098765,139.35718749906562,35.4541512345679,139.3338281240189,35.46302469135802,139.3104687489722,35.4541512345679,139.3104687489722,35.43640432098765,139.3338281240189,35.42753086419753
139.3338281240189,35.498518518518516,0.4691216520952191,33.0,139.35718749906562,35.48964506172839,139.35718749906562,35.50739197530864,139.3338281240189,35.51626543209876,139.3104687489722,35.50739197530864,139.3104687489722,35.48964506172839,139.3338281240189,35.48077160493827
139.3338281240189,35.551759259259256,0.47223413870252684,33.0,139.35718749906562,35.54288580246913,139.35718749906562,35.56063271604938,139.3338281240189,35.5695061728395,139.3104687489722,35.56063271604938,139.3104687489722,35.54288580246913,139.3338281240189,35.53401234567901
139.3338281240189,35.605,0.36703500632698727,30.0,139.35718749906562,35.59612654320987,139.35718749906562,35.613873456790124,139.3338281240189,35.622746913580244,139.3104687489722,35.613873456790124,139.3104687489722,35.59612654320987,139.3338281240189,35.58725308641975
139.3338281240189,35.65824074074074,0.3737450653269382,46.0,139.35718749906562,35.64936728395061,139.35718749906562,35.667114197530864,139.3338281240189,35.675987654320984,139.3104687489722,35.667114197530864,139.3104687489722,35.64936728395061,139.3338281240189,35.64049382716049
139.3338281240189,35.71148148148148,0.40976828408795085,30.0,139.35718749906562,35.70260802469135,139.35718749906562,35.720354938271605,139.3338281240189,35.729228395061725,139.3104687489722,35.720354938271605,139.3104687489722,35.70260802469135,139.3338281240189,35.69373456790123
139.3338281240189,35.76472222222222,0.3622446457497108,37.0,139.35718749906562,35.75584876543209,139.35718749906562,35.773595679012345,139.3338281240189,35.782469135802465,139.3104687489722,35.773595679012345,139.3104687489722,35.75584876543209,139.3338281240189,35.74697530864197
139.3338281240189,35.81796296296296,0.4416802352972121,15.0,139.35718749906562,35.80908950617283,139.35718749906562,35.826836419753086,139.3338281240189,35.835709876543206,139.3104687489722,35.826836419753086,139.3104687489722,35.80908950617283,139.3338281240189,35.80021604938271
139.3338281240189,35.8712037037037,0.3201212685119548,23.0,139.35718749906562,35.86233024691357,139.35718749906562,35.880077160493826,139.3338281240189,35.888950617283946,139.3104687489722,35.880077160493826,139.3104687489722,35.86233024691357,139.3338281240189,35.85345679012345
139.3338281240189,35.92444444444444,0.35349587282244865,30.0,139.35718749906562,35.91557098765431,139.35718749906562,35.93331790123457,139.3338281240189,35.94219135802469,139.3104687489722,35.93331790123457,139.3104687489722,35.91557098765431,139.3338281240189,35.90669753086419
139.3338281240189,35.97768518518518,0.3292215690402546,26.0,139.35718749906562,35.96881172839505,139.35718749906562,35.98655864197531,139.3338281240189,35.99543209876543,139.3104687489722,35.98655864197531,139.3104687489722,35.96881172839505,139.3338281240189,35.95993827160493
139.3338281240189,36.03092592592592,0.5436239051581522,26.0,139.35718749906562,36.022052469135794,139.35718749906562,36.03979938271605,139.3338281240189,36.04867283950617,139.3104687489722,36.03979938271605,139.3104687489722,36.022052469135794,139.3338281240189,36.013179012345674
139.3338281240189,36.08416666666666,0.6823756451835417,3.0,139.35718749906562,36.075293209876534,139.35718749906562,36.09304012345679,139.3338281240189,36.10191358024691,139.3104687489722,36.09304012345679,139.3104687489722,36.075293209876534,139.3338281240189,36.066419753086414
139.3338281240189,36.1374074074074,0.6366287446342949,27.0,139.35718749906562,36.128533950617275,139.35718749906562,36.14628086419753,139.3338281240189,36.15515432098765,139.3104687489722,36.14628086419753,139.3104687489722,36.128533950617275,139.3338281240189,36.119660493827155
139.3338281240189,36.19064814814814,0.5044049597543369,29.0,139.35718749906562,36.181774691358015,139.35718749906562,36.19952160493827,139.3338281240189,36.20839506172839,139.3104687489722,36.19952160493827,139.3104687489722,36.181774691358015,139.3338281240189,36.172901234567895
139.3338281240189,36.24388888888888,0.42171123606073935,4.0,139.35718749906562,36.235015432098756,139.35718749906562,36.25276234567901,139.3338281240189,36.26163580246913,139.3104687489722,36.25276234567901,139.3104687489722,36.235015432098756,139.3338281240189,36.226141975308636
139.38054687411235,35.338796296296294,0.4759962420662142,39.0,139.40390624915906,35.32992283950617,139.40390624915906,35.34766975308642,139.38054687411235,35.35654320987654,139.35718749906565,35.34766975308642,139.35718749906565,35.32992283950617,139.38054687411235,35.32104938271605
139.38054687411235,35.392037037037035,0.47397615373294755,42.0,139.40390624915906,35.38316358024691,139.40390624915906,35.40091049382716,139.38054687411235,35.40978395061728,139.35718749906565,35.40091049382716,139.35718749906565,35.38316358024691,139.38054687411235,35.37429012345679
139.38054687411235,35.445277777777775,0.5146866993678559,42.0,139.40390624915906,35.43640432098765,139.40390624915906,35.4541512345679,139.38054687411235,35.46302469135802,139.35718749906565,35.4541512345679,139.35718749906565,35.43640432098765,139.38054687411235,35.42753086419753
139.38054687411235,35.498518518518516,0.5327630939594044,36.0,139.40390624915906,35.48964506172839,139.40390624915906,35.50739197530864,139.38054687411235,35.51626543209876,139.35718749906565,35.50739197530864,139.35718749906565,35.48964506172839,139.38054687411235,35.48077160493827
139.38054687411235,35.551759259259256,0.4773350690749536,45.0,139.40390624915906,35.54288580246913,139.40390624915906,35.56063271604938,139.38054687411235,35.5695061728395,139.35718749906565,35.56063271604938,139.35718749906565,35.54288580246913,139.38054687411235,35.53401234567901
139.38054687411235,35.605,0.4135534503003718,28.0,139.40390624915906,35.59612654320987,139.40390624915906,35.613873456790124,139.38054687411235,35.622746913580244,139.35718749906565,35.613873456790124,139.35718749906565,35.59612654320987,139.38054687411235,35.58725308641975
139.38054687411235,35.65824074074074,0.36962276078979317,48.0,139.40390624915906,35.64936728395061,139.40390624915906,35.667114197530864,139.38054687411235,35.675987654320984,139.35718749906565,35.667114197530864,139.35718749906565,35.64936728395061,139.38054687411235,35.64049382716049
139.38054687411235,35.71148148148148,0.38645458061989363,35.0,139.40390624915906,35.70260802469135,139.40390624915906,35.720354938271605,139.38054687411235,35.729228395061725,139.35718749906565,35.720354938271605,139.35718749906565,35.70260802469135,139.38054687411235,35.69373456790123
139.38054687411235,35.76472222222222,0.4143681003806444,27.0,139.40390624915906,35.75584876543209,139.40390624915906,35.773595679012345,139.38054687411235,35.782469135802465,139.35718749906565,35.773595679012345,139.35718749906565,35.75584876543209,139.38054687411235,35.74697530864197
139.38054687411235,35.81796296296296,0.33871752728663185,37.0,139.40390624915906,35.80908950617283,139.40390624915906,35.826836419753086,139.38054687411235,35.835709876543206,139.35718749906565,35.826836419753086,139.35718749906565,35.80908950617283,139.38054687411235,35.80021604938271
139.38054687411235,35.8712037037037,0.314284214318926,29.0,139.40390624915906,35.86233024691357,139.40390624915906,35.880077160493826,139.38054687411235,35.888950617283946,139.35718749906565,35.880077160493826,139.35718749906565,35.86233024691357,139.38054687411235,35.85345679012345
139.38054687411235,35.92444444444444,0.3654687824484074,40.0,139.40390624915906,35.91557098765431,139.40390624915906,35.93331790123457,139.38054687411235,35.94219135802469,139.35718749906565,35.93331790123457,139.35718749906565,35.91557098765431,139.38054687411235,35.90669753086419
139.38054687411235,35.97768518518518,0.42901717407540646,31.0,139.40390624915906,35.96881172839505,139.40390624915906,35.98655864197531,139.38054687411235,35.99543209876543,139.35718749906565,35.98655864197531,139.35718749906565,35.96881172839505,139.38054687411235,35.95993827160493
139.38054687411235,36.03092592592592,0.519705399229716,40.0,139.40390624915906,36.022052469135794,139.40390624915906,36.03979938271605,139.38054687411235,36.04867283950617,139.35718749906565,36.03979938271605,139.35718749906565,36.022052469135794,139.38054687411235,36.013179012345674
139.38054687411235,36.08416666666666,0.38720853068123107,12.0,139.40390624915906,36.075293209876534,139.40390624915906,36.09304012345679,139.38054687411235,36.10191358024691,139.35718749906565,36.09304012345679,139.35718749906565,36.075293209876534,139.38054687411235,36.066419753086414
139.38054687411235,36.1374074074074,0.31352640275826327,34.0,139.40390624915906,36.128533950617275,139.40390624915906,36.14628086419753,139.38054687411235,36.15515432098765,139.35718749906565,36.14628086419753,139.35718749906565,36.128533950617275,139.38054687411235,36.119660493827155
139.38054687411235,36.19064814814814,0.43898159522747104,36.0,139.40390624915906,36.181774691358015,139.40390624915906,36.19952160493827,139.38054687411235,36.20839506172839,139.35718749906565,36.19952160493827,139.35718749906565,36.181774691358015,139.38054687411235,36.172901234567895
139.38054687411235,36.24388888888888,0.34284802208759296,5.0,139.40390624915906,36.235015432098756,139.40390624915906,36.25276234567901,139.38054687411235,36.26163580246913,139.35718749906565,36.25276234567901,139.35718749906565,36.235015432098756,139.38054687411235,36.226141975308636
139.42726562420577,35.338796296296294,0.36658154427089895,43.0,139.45062499925248,35.32992283950617,139.45062499925248,35.34766975308642,139.42726562420577,35.35654320987654,139.40390624915906,35.34766975308642,139.40390624915906,35.32992283950617,139.42726562420577,35.32104938271605
139.42726562420577,35.392037037037035,0.5968499173733108,39.0,139.45062499925248,35.38316358024691,139.45062499925248,35.40091049382716,139.42726562420577,35.40978395061728,139.40390624915906,35.40091049382716,139.40390624915906,35.38316358024691,139.42726562420577,35.37429012345679
139.42726562420577,35.445277777777775,0.47491738189814153,33.0,139.45062499925248,35.43640432098765,139.45062499925248,35.4541512345679,139.42726562420577,35.46302469135802,139.40390624915906,35.4541512345679,139.40390624915906,35.43640432098765,139.42726562420577,35.42753086419753
139.42726562420577,35.498518518518516,0.39524351402071384,43.0,139.45062499925248,35.48964506172839,139.45062499925248,35.50739197530864,139.42726562420577,35.51626543209876,139.40390624915906,35.50739197530864,139.40390624915906,35.48964506172839,139.42726562420577,35.48077160493827
139.42726562420577,35.551759259259256,0.3821260399821018,41.0,139.45062499925248,35.54288580246913,139.45062499925248,35.56063271604938,139.42726562420577,35.5695061728395,139.40390624915906,35.56063271604938,139.40390624915906,35.54288580246913,139.42726562420577,35.53401234567901
139.42726562420577,35.605,0.2730063207770202,25.0,139.45062499925248,35.59612654320987,139.45062499925248,35.613873456790124,139.42726562420577,35.622746913580244,139.40390624915906,35.613873456790124,139.40390624915906,35.59612654320987,139.42726562420577,35.58725308641975
139.42726562420577,35.65824074074074,0.40538573114811716,43.0,139.45062499925248,35.64936728395061,139.45062499925248,35.667114197530864,139.42726562420577,35.675987654320984,139.40390624915906,35.667114197530864,139.40390624915906,35.64936728395061,139.42726562420577,35.64049382716049
139.42726562420577,35.71148148148148,0.3461766808861922,41.0,139.45062499925248,35.70260802469135,139.45062499925248,35.720354938271605,139.42726562420577,35.729228395061725,139.40390624915906,35.720354938271605,139.40390624915906,35.70260802469135,139.42726562420577,35.69373456790123
139.42726562420577,35.76472222222222,0.26945077037684456,32.0,139.45062499925248,35.75584876543209,139.45062499925248,35.773595679012345,139.42726562420577,35.782469135802465,139.40390624915906,35.773595679012345,139.40390624915906,35.75584876543209,139.42726562420577,35.74697530864197
139.42726562420577,35.81796296296296,0.2947530488889531,42.0,139.45062499925248,35.80908950617283,139.45062499925248,35.826836419753086,139.42726562420577,35.835709876543206,139.40390624915906,35.826836419753086,139.40390624915906,35.80908950617283,139.42726562420577,35.80021604938271
139.42726562420577,35.8712037037037,0.4736372763522956,43.0,139.45062499925248,35.86233024691357,139.45062499925248,35.880077160493826,139.42726562420577,35.888950617283946,139.40390624915906,35.880077160493826,139.40390624915906,35.86233024691357,139.42726562420577,35.85345679012345
139.42726562420577,35.92444444444444,0.43225899385141825,43.0,139.45062499925248,35.91557098765431,139.45062499925248,35.93331790123457,139.42726562420577,35.94219135802469,139.40390624915906,35.93331790123457,139.40390624915906,35.91557098765431,139.42726562420577,35.90669753086419
139.42726562420577,35.97768518518518,0.5584746810092284,29.0,139.45062499925248,35.96881172839505,139.45062499925248,35.98655864197531,139.42726562420577,35.99543209876543,139.40390624915906,35.98655864197531,139.40390624915906,35.96881172839505,139.42726562420577,35.95993827160493
139.42726562420577,36.03092592592592,0.45657723796584604,36.0,139.45062499925248,36.022052469135794,139.45062499925248,36.03979938271605,139.42726562420577,36.04867283950617,139.40390624915906,36.03979938271605,139.40390624915906,36.022052469135794,139.42726562420577,36.013179012345674
139.42726562420577,36.08416666666666,0.37739021917486126,22.0,139.45062499925248,36.075293209876534,139.45062499925248,36.09304012345679,139.42726562420577,36.10191358024691,139.40390624915906,36.09304012345679,139.40390624915906,36.075293209876534,139.42726562420577,36.066419753086414
139.42726562420577,36.1374074074074,0.35215036707123265,36.0,139.45062499925248,36.128533950617275,139.45062499925248,36.14628086419753,139.42726562420577,36.15515432098765,139.40390624915906,36.14628086419753,139.40390624915906,36.128533950617275,139.42726562420577,36.119660493827155
139.42726562420577,36.19064814814814,0.34620497715767523,20.0,139.45062499925248,36.181774691358015,139.45062499925248,36.19952160493827,139.42726562420577,36.20839506172839,139.40390624915906,36.19952160493827,139.40390624915906,36.181774691358015,139.42726562420577,36.172901234567895
139.47398437429922,35.338796296296294,0.3620921488173419,49.0,139.49734374934593,35.32992283950617,139.49734374934593,35.34766975308642,139.47398437429922,35.35654320987654,139.4506249992525,35.34766975308642,139.4506249992525,35.32992283950617,139.47398437429922,35.32104938271605
139.47398437429922,35.392037037037035,0.5483858616358105,45.0,139.49734374934593,35.38316358024691,139.49734374934593,35.40091049382716,139.47398437429922,35.40978395061728,139.4506249992525,35.40091049382716,139.4506249992525,35.38316358024691,139.47398437429922,35.37429012345679
139.47398437429922,35.445277777777775,0.41748229605268294,46.0,139.49734374934593,35.43640432098765,139.49734374934593,35.4541512345679,139.47398437429922,35.46302469135802,139.4506249992525,35.4541512345679,139.4506249992525,35.43640432098765,139.47398437429922,35.42753086419753
139.47398437429922,35.498518518518516,0.38021579496780944,34.0,139.49734374934593,35.48964506172839,139.49734374934593,35.50739197530864,139.47398437429922,35.51626543209876,139.4506249992525,35.50739197530864,139.4506249992525,35.48964506172839,139.47398437429922,35.48077160493827
139.47398437429922,35.551759259259256,0.16125941991785903,42.0,139.49734374934593,35.54288580246913,139.49734374934593,35.56063271604938,139.47398437429922,35.5695061728395,139.4506249992525,35.56063271604938,139.4506249992525,35.54288580246913,139.47398437429922,35.53401234567901
139.47398437429922,35.605,0.17100234950158769,37.0,139.49734374934593,35.59612654320987,139.49734374934593,35.613873456790124,139.47398437429922,35.622746913580244,139.4506249992525,35.613873456790124,139.4506249992525,35.59612654320987,139.47398437429922,35.58725308641975
139.47398437429922,35.65824074074074,0.38484289840565417,37.0,139.49734374934593,35.64936728395061,139.49734374934593,35.667114197530864,139.47398437429922,35.675987654320984,139.4506249992525,35.667114197530864,139.4506249992525,35.64936728395061,139.47398437429922,35.64049382716049
139.47398437429922,35.71148148148148,0.3485231949695859,48.0,139.49734374934593,35.70260802469135,139.49734374934593,35.720354938271605,139.47398437429922,35.729228395061725,139.4506249992525,35.720354938271605,139.4506249992525,35.70260802469135,139.47398437429922,35.69373456790123
139.47398437429922,35.76472222222222,0.20500664225285628,46.0,139.49734374934593,35.75584876543209,139.49734374934593,35.773595679012345,139.47398437429922,35.782469135802465,139.4506249992525,35.773595679012345,139.4506249992525,35.75584876543209,139.47398437429922,35.74697530864197
139.47398437429922,35.81796296296296,0.2873241720448052,35.0,139.49734374934593,35.80908950617283,139.49734374934593,35.826836419753086,139.47398437429922,35.835709876543206,139.4506249992525,35.826836419753086,139.4506249992525,35.80908950617283,139.47398437429922,35.80021604938271
139.47398437429922,35.8712037037037,0.4728128708303936,39.0,139.49734374934593,35.86233024691357,139.49734374934593,35.880077160493826,139.47398437429922,35.888950617283946,139.4506249992525,35.880077160493826,139.4506249992525,35.86233024691357,139.47398437429922,35.85345679012345
139.47398437429922,35.92444444444444,0.41393201046834577,47.0,139.49734374934593,35.91557098765431,139.49734374934593,35.93331790123457,139.47398437429922,35.94219135802469,139.4506249992525,35.93331790123457,139.4506249992525,35.91557098765431,139.47398437429922,35.90669753086419
139.47398437429922,35.97768518518518,0.5396343476402636,17.0,139.49734374934593,35.96881172839505,139.49734374934593,35.98655864197531,139.47398437429922,35.99543209876543,139.4506249992525,35.98655864197531,139.4506249992525,35.96881172839505,139.47398437429922,35.95993827160493
139.47398437429922,36.03092592592592,0.4718679157679295,23.0,139.49734374934593,36.022052469135794,139.49734374934593,36.03979938271605,139.47398437429922,36.04867283950617,139.4506249992525,36.03979938271605,139.4506249992525,36.022052469135794,139.47398437429922,36.013179012345674
139.47398437429922,36.08416666666666,0.33130197659721494,29.0,139.49734374934593,36.075293209876534,139.49734374934593,36.09304012345679,139.47398437429922,36.10191358024691,139.4506249992525,36.09304012345679,139.4506249992525,36.075293209876534,139.47398437429922,36.066419753086414
139.47398437429922,36.1374074074074,0.4279741296853291,41.0,139.49734374934593,36.128533950617275,139.49734374934593,36.14628086419753,139.47398437429922,36.15515432098765,139.4506249992525,36.14628086419753,139.4506249992525,36.128533950617275,139.47398437429922,36.119660493827155
139.47398437429922,36.19064814814814,0.3415485587209837,5.0,139.49734374934593,36.181774691358015,139.49734374934593,36.19952160493827,139.47398437429922,36.20839506172839,139.4506249992525,36.19952160493827,139.4506249992525,36.181774691358015,139.47398437429922,36.172901234567895
139.52070312439267,35.285555555555554,0.45800647727385874,1.0,139.54406249943938,35.27668209876543,139.54406249943938,35.29442901234568,139.52070312439267,35.3033024691358,139.49734374934596,35.29442901234568,139.49734374934596,35.27668209876543,139.52070312439267,35.26780864197531
139.52070312439267,35.338796296296294,0.3648706454469659,43.0,139.54406249943938,35.32992283950617,139.54406249943938,35.34766975308642,139.52070312439267,35.35654320987654,139.49734374934596,35.34766975308642,139.49734374934596,35.32992283950617,139.52070312439267,35.32104938271605
139.52070312439267,35.392037037037035,0.35001610949868084,44.0,139.54406249943938,35.38316358024691,139.54406249943938,35.40091049382716,139.52070312439267,35.40978395061728,139.49734374934596,35.40091049382716,139.49734374934596,35.38316358024691,139.52070312439267,35.37429012345679
139.52070312439267,35.445277777777775,0.13216453978985115,39.0,139.54406249943938,35.43640432098765,139.54406249943938,35.4541512345679,139.52070312439267,35.46302469135802,139.49734374934596,35.4541512345679,139.49734374934596,35.43640432098765,139.52070312439267,35.42753086419753
139.52070312439267,35.498518518518516,0.21829253172985333,33.0,139.54406249943938,35.48964506172839,139.54406249943938,35.50739197530864,139.52070312439267,35.51626543209876,139.49734374934596,35.50739197530864,139.49734374934596,35.48964506172839,139.52070312439267,35.48077160493827
139.52070312439267,35.551759259259256,0.15570938459945705,44.0,139.54406249943938,35.54288580246913,139.54406249943938,35.56063271604938,139.52070312439267,35.5695061728395,139.49734374934596,35.56063271604938,139.49734374934596,35.54288580246913,139.52070312439267,35.53401234567901
139.52070312439267,35.605,0.14084006305687768,44.0,139.54406249943938,35.59612654320987,139.54406249943938,35.613873456790124,139.52070312439267,35.622746913580244,139.49734374934596,35.613873456790124,139.49734374934596,35.59612654320987,139.52070312439267,35.58725308641975
139.52070312439267,35.65824074074074,0.26574693784588754,39.0,139.54406249943938,35.64936728395061,139.54406249943938,35.667114197530864,139.52070312439267,35.675987654320984,139.49734374934596,35.667114197530864,139.49734374934596,35.64936728395061,139.52070312439267,35.64049382716049
139.52070312439267,35.71148148148148,0.19089896039095527,43.0,139.54406249943938,35.70260802469135,139.54406249943938,35.720354938271605,139.52070312439267,35.729228395061725,139.49734374934596,35.720354938271605,139.49734374934596,35.70260802469135,139.52070312439267,35.69373456790123
139.52070312439267,35.76472222222222,0.21646076926189878,39.0,139.54406249943938,35.75584876543209,139.54406249943938,35.773595679012345,139.52070312439267,35.782469135802465,139.49734374934596,35.773595679012345,139.49734374934596,35.75584876543209,139.52070312439267,35.74697530864197
139.52070312439267,35.81796296296296,0.22326636520896395,22.0,139.54406249943938,35.80908950617283,139.54406249943938,35.826836419753086,139.52070312439267,35.835709876543206,139.49734374934596,35.826836419753086,139.49734374934596,35.80908950617283,139.52070312439267,35.80021604938271
139.52070312439267,35.8712037037037,0.32201054625477854,46.0,139.54406249943938,35.86233024691357,139.54406249943938,35.880077160493826,139.52070312439267,35.888950617283946,139.49734374934596,35.880077160493826,139.49734374934596,35.86233024691357,139.52070312439267,35.85345679012345
139.52070312439267,35.92444444444444,0.4114654332266548,29.0,139.54406249943938,35.91557098765431,139.54406249943938,35.93331790123457,139.52070312439267,35.94219135802469,139.49734374934596,35.93331790123457,139.49734374934596,35.91557098765431,139.52070312439267,35.90669753086419
139.52070312439267,35.97768518518518,0.39332893101576594,18.0,139.54406249943938,35.96881172839505,139.54406249943938,35.98655864197531,139.52070312439267,35.99543209876543,139.49734374934596,35.98655864197531,139.49734374934596,35.96881172839505,139.52070312439267,35.95993827160493
139.52070312439267,36.03092592592592,0.4352731371100927,41.0,139.54406249943938,36.022052469135794,139.54406249943938,36.03979938271605,139.52070312439267,36.04867283950617,139.49734374934596,36.03979938271605,139.49734374934596,36.022052469135794,139.52070312439267,36.013179012345674
139.52070312439267,36.08416666666666,0.3475111880151677,18.0,139.54406249943938,36.075293209876534,139.54406249943938,36.09304012345679,139.52070312439267,36.10191358024691,139.49734374934596,36.09304012345679,139.49734374934596,36.075293209876534,139.52070312439267,36.066419753086414
139.52070312439267,36.1374074074074,0.5196372690372475,24.0,139.54406249943938,36.128533950617275,139.54406249943938,36.14628086419753,139.52070312439267,36.15515432098765,139.49734374934596,36.14628086419753,139.49734374934596,36.128533950617275,139.52070312439267,36.119660493827155
139.52070312439267,36.19064814814814,0.38805015625606776,12.0,139.54406249943938,36.181774691358015,139.54406249943938,36.19952160493827,139.52070312439267,36.20839506172839,139.49734374934596,36.19952160493827,139.49734374934596,36.181774691358015,139.52070312439267,36.172901234567895
139.5674218744861,35.285555555555554,0.1253522564378682,23.0,139.5907812495328,35.27668209876543,139.5907812495328,35.29442901234568,139.5674218744861,35.3033024691358,139.54406249943938,35.29442901234568,139.54406249943938,35.27668209876543,139.5674218744861,35.26780864197531
139.5674218744861,35.338796296296294,0.38357760932499024,35.0,139.5907812495328,35.32992283950617,139.5907812495328,35.34766975308642,139.5674218744861,35.35654320987654,139.54406249943938,35.34766975308642,139.54406249943938,35.32992283950617,139.5674218744861,35.32104938271605
139.5674218744861,35.392037037037035,0.32476886079244516,48.0,139.5907812495328,35.38316358024691,139.5907812495328,35.40091049382716,139.5674218744861,35.40978395061728,139.54406249943938,35.40091049382716,139.54406249943938,35.38316358024691,139.5674218744861,35.37429012345679
139.5674218744861,35.445277777777775,0.18223782638621588,38.0,139.5907812495328,35.43640432098765,139.5907812495328,35.4541512345679,139.5674218744861,35.46302469135802,139.54406249943938,35.4541512345679,139.54406249943938,35.43640432098765,139.5674218744861,35.42753086419753
139.5674218744861,35.498518518518516,0.25349609671511947,45.0,139.5907812495328,35.48964506172839,139.5907812495328,35.50739197530864,139.5674218744861,35.51626543209876,139.54406249943938,35.50739197530864,139.54406249943938,35.48964506172839,139.5674218744861,35.48077160493827
139.5674218744861,35.551759259259256,0.191129531694953,48.0,139.5907812495328,35.54288580246913,139.5907812495328,35.56063271604938,139.5674218744861,35.5695061728395,139.54406249943938,35.56063271604938,139.54406249943938,35.54288580246913,139.5674218744861,35.53401234567901
139.5674218744861,35.605,0.05616453259997376,46.0,139.5907812495328,35.59612654320987,139.5907812495328,35.613873456790124,139.5674218744861,35.622746913580244,139.54406249943938,35.613873456790124,139.54406249943938,35.59612654320987,139.5674218744861,35.58725308641975
139.5674218744861,35.65824074074074,0.18016863779657877,50.0,139.5907812495328,35.64936728395061,139.5907812495328,35.667114197530864,139.5674218744861,35.675987654320984,139.54406249943938,35.667114197530864,139.54406249943938,35.64936728395061,139.5674218744861,35.64049382716049
139.5674218744861,35.71148148148148,0.1411248686067858,50.0,139.5907812495328,35.70260802469135,139.5907812495328,35.720354938271605,139.5674218744861,35.729228395061725,139.54406249943938,35.720354938271605,139.54406249943938,35.70260802469135,139.5674218744861,35.69373456790123
139.5674218744861,35.76472222222222,0.13510669415801832,36.0,139.5907812495328,35.75584876543209,139.5907812495328,35.773595679012345,139.5674218744861,35.782469135802465,139.54406249943938,35.773595679012345,139.54406249943938,35.75584876543209,139.5674218744861,35.74697530864197
139.5674218744861,35.81796296296296,0.33024522345964435,50.0,139.5907812495328,35.80908950617283,139.5907812495328,35.826836419753086,139.5674218744861,35.835709876543206,139.54406249943938,35.826836419753086,139.54406249943938,35.80908950617283,139.5674218744861,35.80021604938271
139.5674218744861,35.8712037037037,0.3604673296688449,23.0,139.5907812495328,35.86233024691357,139.5907812495328,35.880077160493826,139.5674218744861,35.888950617283946,139.54406249943938,35.880077160493826,139.54406249943938,35.86233024691357,139.5674218744861,35.85345679012345
139.5674218744861,35.92444444444444,0.293437139525038,41.0,139.5907812495328,35.91557098765431,139.5907812495328,35.93331790123457,139.5674218744861,35.94219135802469,139.54406249943938,35.93331790123457,139.54406249943938,35.91557098765431,139.5674218744861,35.90669753086419
139.5674218744861,35.97768518518518,0.3360909426867852,45.0,139.5907812495328,35.96881172839505,139.5907812495328,35.98655864197531,139.5674218744861,35.99543209876543,139.54406249943938,35.98655864197531,139.54406249943938,35.96881172839505,139.5674218744861,35.95993827160493
139.5674218744861,36.03092592592592,0.5276272732523778,39.0,139.5907812495328,36.022052469135794,139.5907812495328,36.03979938271605,139.5674218744861,36.04867283950617,139.54406249943938,36.03979938271605,139.54406249943938,36.022052469135794,139.5674218744861,36.013179012345674
139.5674218744861,36.08416666666666,0.5252477210605484,21.0,139.5907812495328,36.075293209876534,139.5907812495328,36.09304012345679,139.5674218744861,36.10191358024691,139.54406249943938,36.09304012345679,139.54406249943938,36.075293209876534,139.5674218744861,36.066419753086414
139.5674218744861,36.1374074074074,0.41190139694751327,36.0,139.5907812495328,36.128533950617275,139.5907812495328,36.14628086419753,139.5674218744861,36.15515432098765,139.54406249943938,36.14628086419753,139.54406249943938,36.128533950617275,139.5674218744861,36.119660493827155
139.5674218744861,36.19064814814814,0.4172566872972681,25.0,139.5907812495328,36.181774691358015,139.5907812495328,36.19952160493827,139.5674218744861,36.20839506172839,139.54406249943938,36.19952160493827,139.54406249943938,36.181774691358015,139.5674218744861,36.172901234567895
139.61414062457953,35.12583333333333,0.0,1.0,139.63749999962624,35.116959876543206,139.63749999962624,35.13470679012346,139.61414062457953,35.14358024691358,139.59078124953282,35.13470679012346,139.59078124953282,35.116959876543206,139.61414062457953,35.108086419753086
139.61414062457953,35.17907407407407,0.17632162962550246,10.0,139.63749999962624,35.170200617283946,139.63749999962624,35.1879475308642,139.61414062457953,35.19682098765432,139.59078124953282,35.1879475308642,139.59078124953282,35.170200617283946,139.61414062457953,35.161327160493826
139.61414062457953,35.23231481481481,0.1138527594886374,18.0,139.63749999962624,35.22344135802469,139.63749999962624,35.24118827160494,139.61414062457953,35.25006172839506,139.59078124953282,35.24118827160494,139.59078124953282,35.22344135802469,139.61414062457953,35.21456790123457
139.61414062457953,35.285555555555554,0.16399015903840836,21.0,139.63749999962624,35.27668209876543,139.63749999962624,35.29442901234568,139.61414062457953,35.3033024691358,139.59078124953282,35.29442901234568,139.59078124953282,35.27668209876543,139.61414062457953,35.26780864197531
139.61414062457953,35.338796296296294,0.28555562309617466,42.0,139.63749999962624,35.32992283950617,139.63749999962624,35.34766975308642,139.61414062457953,35.35654320987654,139.59078124953282,35.34766975308642,139.59078124953282,35.32992283950617,139.61414062457953,35.32104938271605
139.61414062457953,35.392037037037035,0.06126754851420478,29.0,139.63749999962624,35.38316358024691,139.63749999962624,35.40091049382716,139.61414062457953,35.40978395061728,139.59078124953282,35.40091049382716,139.59078124953282,35.38316358024691,139.61414062457953,35.37429012345679
139.61414062457953,35.445277777777775,0.11075698924123961,40.0,139.63749999962624,35.43640432098765,139.63749999962624,35.4541512345679,139.61414062457953,35.46302469135802,139.59078124953282,35.4541512345679,139.59078124953282,35.43640432098765,139.61414062457953,35.42753086419753
139.61414062457953,35.498518518518516,0.21547863972219655,41.0,139.63749999962624,35.48964506172839,139.63749999962624,35.50739197530864,139.61414062457953,35.51626543209876,139.59078124953282,35.50739197530864,139.59078124953282,35.48964506172839,139.61414062457953,35.48077160493827
139.61414062457953,35.551759259259256,0.39106817066049876,45.0,139.63749999962624,35.54288580246913,139.63749999962624,35.56063271604938,139.61414062457953,35.5695061728395,139.59078124953282,35.56063271604938,139.59078124953282,35.54288580246913,139.61414062457953,35.53401234567901
139.61414062457953,35.605,0.10223530609512628,43.0,139.63749999962624,35.59612654320987,139.63749999962624,35.613873456790124,139.61414062457953,35.622746913580244,139.59078124953282,35.613873456790124,139.59078124953282,35.59612654320987,139.61414062457953,35.58725308641975
139.61414062457953,35.65824074074074,0.09068054449903558,46.0,139.63749999962624,35.64936728395061,139.63749999962624,35.667114197530864,139.61414062457953,35.675987654320984,139.59078124953282,35.667114197530864,139.59078124953282,35.64936728395061,139.61414062457953,35.64049382716049
139.61414062457953,35.71148148148148,0.016996942282688905,45.0,139.63749999962624,35.70260802469135,139.63749999962624,35.720354938271605,139.61414062457953,35.729228395061725,139.59078124953282,35.720354938271605,139.59078124953282,35.70260802469135,139.61414062457953,35.69373456790123
139.61414062457953,35.76472222222222,0.08177659396986672,33.0,139.63749999962624,35.75584876543209,139.63749999962624,35.773595679012345,139.61414062457953,35.782469135802465,139.59078124953282,35.773595679012345,139.59078124953282,35.75584876543209,139.61414062457953,35.74697530864197
139.61414062457953,35.81796296296296,0.27491698451273205,20.0,139.63749999962624,35.80908950617283,139.63749999962624,35.826836419753086,139.61414062457953,35.835709876543206,139.59078124953282,35.826836419753086,139.59078124953282,35.80908950617283,139.61414062457953,35.80021604938271
139.61414062457953,35.8712037037037,0.17299821625530767,46.0,139.63749999962624,35.86233024691357,139.63749999962624,35.880077160493826,139.61414062457953,35.888950617283946,139.59078124953282,35.880077160493826,139.59078124953282,35.86233024691357,139.61414062457953,35.85345679012345
139.61414062457953,35.92444444444444,0.24327200949577066,46.0,139.63749999962624,35.91557098765431,139.63749999962624,35.93331790123457,139.61414062457953,35.94219135802469,139.59078124953282,35.93331790123457,139.59078124953282,35.91557098765431,139.61414062457953,35.90669753086419
139.61414062457953,35.97768518518518,0.30614810294234496,41.0,139.63749999962624,35.96881172839505,139.63749999962624,35.98655864197531,139.61414062457953,35.99543209876543,139.59078124953282,35.98655864197531,139.59078124953282,35.96881172839505,139.61414062457953,35.95993827160493
139.61414062457953,36.03092592592592,0.5074909874054183,26.0,139.63749999962624,36.022052469135794,139.63749999962624,36.03979938271605,139.61414062457953,36.04867283950617,139.59078124953282,36.03979938271605,139.59078124953282,36.022052469135794,139.61414062457953,36.013179012345674
139.61414062457953,36.08416666666666,0.5652544981774017,23.0,139.63749999962624,36.075293209876534,139.63749999962624,36.09304012345679,139.61414062457953,36.10191358024691,139.59078124953282,36.09304012345679,139.59078124953282,36.075293209876534,139.61414062457953,36.066419753086414
139.61414062457953,36.1374074074074,0.55562599466417,28.0,139.63749999962624,36.128533950617275,139.63749999962624,36.14628086419753,139.61414062457953,36.15515432098765,139.59078124953282,36.14628086419753,139.59078124953282,36.128533950617275,139.61414062457953,36.119660493827155
139.61414062457953,36.19064814814814,0.5764999225995815,13.0,139.63749999962624,36.181774691358015,139.63749999962624,36.19952160493827,139.61414062457953,36.20839506172839,139.59078124953282,36.19952160493827,139.59078124953282,36.181774691358015,139.61414062457953,36.172901234567895
139.66085937467298,35.17907407407407,0.17980472364177075,14.0,139.6842187497197,35.170200617283946,139.6842187497197,35.1879475308642,139.66085937467298,35.19682098765432,139.63749999962627,35.1879475308642,139.63749999962627,35.170200617283946,139.66085937467298,35.161327160493826
139.66085937467298,35.23231481481481,0.2190667203866432,27.0,139.6842187497197,35.22344135802469,139.6842187497197,35.24118827160494,139.66085937467298,35.25006172839506,139.63749999962627,35.24118827160494,139.63749999962627,35.22344135802469,139.66085937467298,35.21456790123457
139.66085937467298,35.285555555555554,0.17991250743941614,19.0,139.6842187497197,35.27668209876543,139.6842187497197,35.29442901234568,139.66085937467298,35.3033024691358,139.63749999962627,35.29442901234568,139.63749999962627,35.27668209876543,139.66085937467298,35.26780864197531
139.66085937467298,35.338796296296294,0.3076637988814825,1.0,139.6842187497197,35.32992283950617,139.6842187497197,35.34766975308642,139.66085937467298,35.35654320987654,139.63749999962627,35.34766975308642,139.63749999962627,35.32992283950617,139.66085937467298,35.32104938271605
139.66085937467298,35.445277777777775,0.1699098848999484,8.0,139.6842187497197,35.43640432098765,139.6842187497197,35.4541512345679,139.66085937467298,35.46302469135802,139.63749999962627,35.4541512345679,139.63749999962627,35.43640432098765,139.66085937467298,35.42753086419753
139.66085937467298,35.498518518518516,0.10325640867921936,35.0,139.6842187497197,35.48964506172839,139.6842187497197,35.50739197530864,139.66085937467298,35.51626543209876,139.63749999962627,35.50739197530864,139.63749999962627,35.48964506172839,139.66085937467298,35.48077160493827
139.66085937467298,35.551759259259256,0.36891618828426537,46.0,139.6842187497197,35.54288580246913,139.6842187497197,35.56063271604938,139.66085937467298,35.5695061728395,139.63749999962627,35.56063271604938,139.63749999962627,35.54288580246913,139.66085937467298,35.53401234567901
139.66085937467298,35.605,0.09783851193103241,45.0,139.6842187497197,35.59612654320987,139.6842187497197,35.613873456790124,139.66085937467298,35.622746913580244,139.63749999962627,35.613873456790124,139.63749999962627,35.59612654320987,139.66085937467298,35.58725308641975
139.66085937467298,35.65824074074074,0.08305295622281768,46.0,139.6842187497197,35.64936728395061,139.6842187497197,35.667114197530864,139.66085937467298,35.675987654320984,139.63749999962627,35.667114197530864,139.63749999962627,35.64936728395061,139.66085937467298,35.64049382716049
139.66085937467298,35.71148148148148,0.01443138460389125,45.0,139.6842187497197,35.70260802469135,139.6842187497197,35.720354938271605,139.66085937467298,35.729228395061725,139.63749999962627,35.720354938271605,139.63749999962627,35.70260802469135,139.66085937467298,35.69373456790123
139.66085937467298,35.76472222222222,0.22485266596645606,46.0,139.6842187497197,35.75584876543209,139.6842187497197,35.773595679012345,139.66085937467298,35.782469135802465,139.63749999962627,35.773595679012345,139.63749999962627,35.75584876543209,139.66085937467298,35.74697530864197
139.66085937467298,35.81796296296296,0.2585012240236928,43.0,139.6842187497197,35.80908950617283,139.6842187497197,35.826836419753086,139.66085937467298,35.835709876543206,139.63749999962627,35.826836419753086,139.63749999962627,35.80908950617283,139.66085937467298,35.80021604938271
139.66085937467298,35.8712037037037,0.21124366138039818,46.0,139.6842187497197,35.86233024691357,139.6842187497197,35.880077160493826,139.66085937467298,35.888950617283946,139.63749999962627,35.880077160493826,139.63749999962627,35.86233024691357,139.66085937467298,35.85345679012345
139.66085937467298,35.92444444444444,0.23431737566350588,46.0,139.6842187497197,35.91557098765431,139.6842187497197,35.93331790123457,139.66085937467298,35.94219135802469,139.63749999962627,35.93331790123457,139.63749999962627,35.91557098765431,139.66085937467298,35.90669753086419
139.66085937467298,35.97768518518518,0.4337600579879439,40.0,139.6842187497197,35.96881172839505,139.6842187497197,35.98655864197531,139.66085937467298,35.99543209876543,139.63749999962627,35.98655864197531,139.63749999962627,35.96881172839505,139.66085937467298,35.95993827160493
139.66085937467298,36.03092592592592,0.49299784404038854,36.0,139.6842187497197,36.022052469135794,139.6842187497197,36.03979938271605,139.66085937467298,36.04867283950617,139.63749999962627,36.03979938271605,139.63749999962627,36.022052469135794,139.66085937467298,36.013179012345674
139.66085937467298,36.08416666666666,0.5590810067990057,40.0,139.6842187497197,36.075293209876534,139.6842187497197,36.09304012345679,139.66085937467298,36.10191358024691,139.63749999962627,36.09304012345679,139.63749999962627,36.075293209876534,139.66085937467298,36.066419753086414
139.66085937467298,36.1374074074074,0.5597322064354336,21.0,139.6842187497197,36.128533950617275,139.6842187497197,36.14628086419753,139.66085937467298,36.15515432098765,139.63749999962627,36.14628086419753,139.63749999962627,36.128533950617275,139.66085937467298,36.119660493827155
139.66085937467298,36.19064814814814,0.5394841889354344,14.0,139.6842187497197,36.181774691358015,139.6842187497197,36.19952160493827,139.66085937467298,36.20839506172839,139.63749999962627,36.19952160493827,139.63749999962627,36.181774691358015,139.66085937467298,36.172901234567895
139.7075781247664,35.23231481481481,0.2028757355454312,33.0,139.7309374998131,35.22344135802469,139.7309374998131,35.24118827160494,139.7075781247664,35.25006172839506,139.6842187497197,35.24118827160494,139.6842187497197,35.22344135802469,139.7075781247664,35.21456790123457
139.7075781247664,35.498518518518516,0.12041400746618837,12.0,139.7309374998131,35.48964506172839,139.7309374998131,35.50739197530864,139.7075781247664,35.51626543209876,139.6842187497197,35.50739197530864,139.6842187497197,35.48964506172839,139.7075781247664,35.48077160493827
139.7075781247664,35.551759259259256,0.34287617122715386,44.0,139.7309374998131,35.54288580246913,139.7309374998131,35.56063271604938,139.7075781247664,35.5695061728395,139.6842187497197,35.56063271604938,139.6842187497197,35.54288580246913,139.7075781247664,35.53401234567901
139.7075781247664,35.605,0.13464380893897093,50.0,139.7309374998131,35.59612654320987,139.7309374998131,35.613873456790124,139.7075781247664,35.622746913580244,139.6842187497197,35.613873456790124,139.6842187497197,35.59612654320987,139.7075781247664,35.58725308641975
139.7075781247664,35.65824074074074,0.0332482580960211,43.0,139.7309374998131,35.64936728395061,139.7309374998131,35.667114197530864,139.7075781247664,35.675987654320984,139.6842187497197,35.667114197530864,139.6842187497197,35.64936728395061,139.7075781247664,35.64049382716049
139.7075781247664,35.71148148148148,0.012688636751411245,47.0,139.7309374998131,35.70260802469135,139.7309374998131,35.720354938271605,139.7075781247664,35.729228395061725,139.6842187497197,35.720354938271605,139.6842187497197,35.70260802469135,139.7075781247664,35.69373456790123
139.7075781247664,35.76472222222222,0.1591126094287586,50.0,139.7309374998131,35.75584876543209,139.7309374998131,35.773595679012345,139.7075781247664,35.782469135802465,139.6842187497197,35.773595679012345,139.6842187497197,35.75584876543209,139.7075781247664,35.74697530864197
139.7075781247664,35.81796296296296,0.26811757034863687,50.0,139.7309374998131,35.80908950617283,139.7309374998131,35.826836419753086,139.7075781247664,35.835709876543206,139.6842187497197,35.826836419753086,139.6842187497197,35.80908950617283,139.7075781247664,35.80021604938271
139.7075781247664,35.8712037037037,0.21421439545414533,39.0,139.7309374998131,35.86233024691357,139.7309374998131,35.880077160493826,139.7075781247664,35.888950617283946,139.6842187497197,35.880077160493826,139.6842187497197,35.86233024691357,139.7075781247664,35.85345679012345
139.7075781247664,35.92444444444444,0.3887546453659591,36.0,139.7309374998131,35.91557098765431,139.7309374998131,35.93331790123457,139.7075781247664,35.94219135802469,139.6842187497197,35.93331790123457,139.6842187497197,35.91557098765431,139.7075781247664,35.90669753086419
139.7075781247664,35.97768518518518,0.49242337066922237,40.0,139.7309374998131,35.96881172839505,139.7309374998131,35.98655864197531,139.7075781247664,35.99543209876543,139.6842187497197,35.98655864197531,139.6842187497197,35.96881172839505,139.7075781247664,35.95993827160493
139.7075781247664,36.03092592592592,0.4694281093528704,40.0,139.7309374998131,36.022052469135794,139.7309374998131,36.03979938271605,139.7075781247664,36.04867283950617,139.6842187497197,36.03979938271605,139.6842187497197,36.022052469135794,139.7075781247664,36.013179012345674
139.7075781247664,36.08416666666666,0.415817241778336,42.0,139.7309374998131,36.075293209876534,139.7309374998131,36.09304012345679,139.7075781247664,36.10191358024691,139.6842187497197,36.09304012345679,139.6842187497197,36.075293209876534,139.7075781247664,36.066419753086414
139.7075781247664,36.1374074074074,0.5224699334250602,24.0,139.7309374998131,36.128533950617275,139.7309374998131,36.14628086419753,139.7075781247664,36.15515432098765,139.6842187497197,36.14628086419753,139.6842187497197,36.128533950617275,139.7075781247664,36.119660493827155
139.7075781247664,36.19064814814814,0.5460883691691969,4.0,139.7309374998131,36.181774691358015,139.7309374998131,36.19952160493827,139.7075781247664,36.20839506172839,139.6842187497197,36.19952160493827,139.6842187497197,36.181774691358015,139.7075781247664,36.172901234567895
139.75429687485985,35.551759259259256,0.18887556868050642,16.0,139.77765624990656,35.54288580246913,139.77765624990656,35.56063271604938,139.75429687485985,35.5695061728395,139.73093749981314,35.56063271604938,139.73093749981314,35.54288580246913,139.75429687485985,35.53401234567901
139.75429687485985,35.605,0.14731608711179323,13.0,139.77765624990656,35.59612654320987,139.77765624990656,35.613873456790124,139.75429687485985,35.622746913580244,139.73093749981314,35.613873456790124,139.73093749981314,35.59612654320987,139.75429687485985,35.58725308641975
139.75429687485985,35.65824074074074,0.023197970687489182,9.0,139.77765624990656,35.64936728395061,139.77765624990656,35.667114197530864,139.75429687485985,35.675987654320984,139.73093749981314,35.667114197530864,139.73093749981314,35.64936728395061,139.75429687485985,35.64049382716049
139.75429687485985,35.71148148148148,0.05059190774823449,37.0,139.77765624990656,35.70260802469135,139.77765624990656,35.720354938271605,139.75429687485985,35.729228395061725,139.73093749981314,35.720354938271605,139.73093749981314,35.70260802469135,139.75429687485985,35.69373456790123
139.75429687485985,35.76472222222222,0.21789818527816518,40.0,139.77765624990656,35.75584876543209,139.77765624990656,35.773595679012345,139.75429687485985,35.782469135802465,139.73093749981314,35.773595679012345,139.73093749981314,35.75584876543209,139.75429687485985,35.74697530864197
139.75429687485985,35.81796296296296,0.2630061385970753,41.0,139.77765624990656,35.80908950617283,139.77765624990656,35.826836419753086,139.75429687485985,35.835709876543206,139.73093749981314,35.826836419753086,139.73093749981314,35.80908950617283,139.75429687485985,35.80021604938271
139.75429687485985,35.8712037037037,0.26357561268252166,41.0,139.77765624990656,35.86233024691357,139.77765624990656,35.880077160493826,139.75429687485985,35.888950617283946,139.73093749981314,35.880077160493826,139.73093749981314,35.86233024691357,139.75429687485985,35.85345679012345
139.75429687485985,35.92444444444444,0.3819710994939351,32.0,139.77765624990656,35.91557098765431,139.77765624990656,35.93331790123457,139.75429687485985,35.94219135802469,139.73093749981314,35.93331790123457,139.73093749981314,35.91557098765431,139.75429687485985,35.90669753086419
139.75429687485985,35.97768518518518,0.44034470925485275,45.0,139.77765624990656,35.96881172839505,139.77765624990656,35.98655864197531,139.75429687485985,35.99543209876543,139.73093749981314,35.98655864197531,139.73093749981314,35.96881172839505,139.75429687485985,35.95993827160493
139.75429687485985,36.03092592592592,0.4136607304514307,28.0,139.77765624990656,36.022052469135794,139.77765624990656,36.03979938271605,139.75429687485985,36.04867283950617,139.73093749981314,36.03979938271605,139.73093749981314,36.022052469135794,139.75429687485985,36.013179012345674
139.75429687485985,36.08416666666666,0.41480518271175193,9.0,139.77765624990656,36.075293209876534,139.77765624990656,36.09304012345679,139.75429687485985,36.10191358024691,139.73093749981314,36.09304012345679,139.73093749981314,36.075293209876534,139.75429687485985,36.066419753086414
139.8010156249533,35.65824074074074,0.017844816904686513,18.0,139.824375,35.64936728395061,139.824375,35.667114197530864,139.8010156249533,35.675987654320984,139.77765624990658,35.667114197530864,139.77765624990658,35.64936728395061,139.8010156249533,35.64049382716049
139.8010156249533,35.71148148148148,0.10105484194910631,45.0,139.824375,35.70260802469135,139.824375,35.720354938271605,139.8010156249533,35.729228395061725,139.77765624990658,35.720354938271605,139.77765624990658,35.70260802469135,139.8010156249533,35.69373456790123
139.8010156249533,35.76472222222222,0.17700067751420404,46.0,139.824375,35.75584876543209,139.824375,35.773595679012345,139.8010156249533,35.782469135802465,139.77765624990658,35.773595679012345,139.77765624990658,35.75584876543209,139.8010156249533,35.74697530864197
139.8010156249533,35.81796296296296,0.4275544174125305,45.0,139.824375,35.80908950617283,139.824375,35.826836419753086,139.8010156249533,35.835709876543206,139.77765624990658,35.826836419753086,139.77765624990658,35.80908950617283,139.8010156249533,35.80021604938271
139.8010156249533,35.8712037037037,0.4851263035914424,46.0,139.824375,35.86233024691357,139.824375,35.880077160493826,139.8010156249533,35.888950617283946,139.77765624990658,35.880077160493826,139.77765624990658,35.86233024691357,139.8010156249533,35.85345679012345
139.8010156249533,35.92444444444444,0.42286841666232744,47.0,139.824375,35.91557098765431,139.824375,35.93331790123457,139.8010156249533,35.94219135802469,139.77765624990658,35.93331790123457,139.77765624990658,35.91557098765431,139.8010156249533,35.90669753086419
139.8010156249533,35.97768518518518,0.4730297644522179,43.0,139.824375,35.96881172839505,139.824375,35.98655864197531,139.8010156249533,35.99543209876543,139.77765624990658,35.98655864197531,139.77765624990658,35.96881172839505,139.8010156249533,35.95993827160493
139.8010156249533,36.03092592592592,0.46684249890131396,17.0,139.824375,36.022052469135794,139.824375,36.03979938271605,139.8010156249533,36.04867283950617,139.77765624990658,36.03979938271605,139.77765624990658,36.022052469135794,139.8010156249533,36.013179012345674
139.8010156249533,36.08416666666666,0.4172060440275248,8.0,139.824375,36.075293209876534,139.824375,36.09304012345679,139.8010156249533,36.10191358024691,139.77765624990658,36.09304012345679,139.77765624990658,36.075293209876534,139.8010156249533,36.066419753086414
139.8477343750467,35.01935185185185,0.23129335075816942,10.0,139.87109375009342,35.010478395061725,139.87109375009342,35.02822530864198,139.8477343750467,35.0370987654321,139.824375,35.02822530864198,139.824375,35.010478395061725,139.8477343750467,35.001604938271605
139.8477343750467,35.07259259259259,0.20507566215036005,2.0,139.87109375009342,35.063719135802465,139.87109375009342,35.08146604938272,139.8477343750467,35.09033950617284,139.824375,35.08146604938272,139.824375,35.063719135802465,139.8477343750467,35.054845679012345
139.8477343750467,35.12583333333333,0.10196065823658326,6.0,139.87109375009342,35.116959876543206,139.87109375009342,35.13470679012346,139.8477343750467,35.14358024691358,139.824375,35.13470679012346,139.824375,35.116959876543206,139.8477343750467,35.108086419753086
139.8477343750467,35.285555555555554,0.30259433629296445,17.0,139.87109375009342,35.27668209876543,139.87109375009342,35.29442901234568,139.8477343750467,35.3033024691358,139.824375,35.29442901234568,139.824375,35.27668209876543,139.8477343750467,35.26780864197531
139.8477343750467,35.338796296296294,0.28503998255214286,16.0,139.87109375009342,35.32992283950617,139.87109375009342,35.34766975308642,139.8477343750467,35.35654320987654,139.824375,35.34766975308642,139.824375,35.32992283950617,139.8477343750467,35.32104938271605
139.8477343750467,35.65824074074074,0.17476148030280086,15.0,139.87109375009342,35.64936728395061,139.87109375009342,35.667114197530864,139.8477343750467,35.675987654320984,139.824375,35.667114197530864,139.824375,35.64936728395061,139.8477343750467,35.64049382716049
139.8477343750467,35.71148148148148,0.12320890931356296,40.0,139.87109375009342,35.70260802469135,139.87109375009342,35.720354938271605,139.8477343750467,35.729228395061725,139.824375,35.720354938271605,139.824375,35.70260802469135,139.8477343750467,35.69373456790123
139.8477343750467,35.76472222222222,0.15833513389538761,47.0,139.87109375009342,35.75584876543209,139.87109375009342,35.773595679012345,139.8477343750467,35.782469135802465,139.824375,35.773595679012345,139.824375,35.75584876543209,139.8477343750467,35.74697530864197
139.8477343750467,35.81796296296296,0.4471526629553759,39.0,139.87109375009342,35.80908950617283,139.87109375009342,35.826836419753086,139.8477343750467,35.835709876543206,139.824375,35.826836419753086,139.824375,35.80908950617283,139.8477343750467,35.80021604938271
139.8477343750467,35.8712037037037,0.5323424696218145,39.0,139.87109375009342,35.86233024691357,139.87109375009342,35.880077160493826,139.8477343750467,35.888950617283946,139.824375,35.880077160493826,139.824375,35.86233024691357,139.8477343750467,35.85345679012345
139.8477343750467,35.92444444444444,0.5895068299817295,19.0,139.87109375009342,35.91557098765431,139.87109375009342,35.93331790123457,139.8477343750467,35.94219135802469,139.824375,35.93331790123457,139.824375,35.91557098765431,139.8477343750467,35.90669753086419
139.8477343750467,35.97768518518518,0.5067348251639886,40.0,139.87109375009342,35.96881172839505,139.87109375009342,35.98655864197531,139.8477343750467,35.99543209876543,139.824375,35.98655864197531,139.824375,35.96881172839505,139.8477343750467,35.95993827160493
139.8477343750467,36.03092592592592,0.4117208771822609,16.0,139.87109375009342,36.022052469135794,139.87109375009342,36.03979938271605,139.8477343750467,36.04867283950617,139.824375,36.03979938271605,139.824375,36.022052469135794,139.8477343750467,36.013179012345674
139.89445312514016,35.01935185185185,0.2890702874855813,25.0,139.91781250018687,35.010478395061725,139.91781250018687,35.02822530864198,139.89445312514016,35.0370987654321,139.87109375009345,35.02822530864198,139.87109375009345,35.010478395061725,139.89445312514016,35.001604938271605
139.89445312514016,35.07259259259259,0.1473747082402974,2.0,139.91781250018687,35.063719135802465,139.91781250018687,35.08146604938272,139.89445312514016,35.09033950617284,139.87109375009345,35.08146604938272,139.87109375009345,35.063719135802465,139.89445312514016,35.054845679012345
139.89445312514016,35.12583333333333,0.2541150062360878,1.0,139.91781250018687,35.116959876543206,139.91781250018687,35.13470679012346,139.89445312514016,35.14358024691358,139.87109375009345,35.13470679012346,139.87109375009345,35.116959876543206,139.89445312514016,35.108086419753086
139.89445312514016,35.23231481481481,0.19726968532501823,5.0,139.91781250018687,35.22344135802469,139.91781250018687,35.24118827160494,139.89445312514016,35.25006172839506,139.87109375009345,35.24118827160494,139.87109375009345,35.22344135802469,139.89445312514016,35.21456790123457
139.89445312514016,35.285555555555554,0.22824192510441565,2.0,139.91781250018687,35.27668209876543,139.91781250018687,35.29442901234568,139.89445312514016,35.3033024691358,139.87109375009345,35.29442901234568,139.87109375009345,35.27668209876543,139.89445312514016,35.26780864197531
139.89445312514016,35.338796296296294,0.35685076329588666,37.0,139.91781250018687,35.32992283950617,139.91781250018687,35.34766975308642,139.89445312514016,35.35654320987654,139.87109375009345,35.34766975308642,139.87109375009345,35.32992283950617,139.89445312514016,35.32104938271605
139.89445312514016,35.392037037037035,0.28599621361652194,1.0,139.91781250018687,35.38316358024691,139.91781250018687,35.40091049382716,139.89445312514016,35.40978395061728,139.87109375009345,35.40091049382716,139.87109375009345,35.38316358024691,139.89445312514016,35.37429012345679
139.89445312514016,35.65824074074074,0.24406420084983652,43.0,139.91781250018687,35.64936728395061,139.91781250018687,35.667114197530864,139.89445312514016,35.675987654320984,139.87109375009345,35.667114197530864,139.87109375009345,35.64936728395061,139.89445312514016,35.64049382716049
139.89445312514016,35.71148148148148,0.20339496654823247,48.0,139.91781250018687,35.70260802469135,139.91781250018687,35.720354938271605,139.89445312514016,35.729228395061725,139.87109375009345,35.720354938271605,139.87109375009345,35.70260802469135,139.89445312514016,35.69373456790123
139.89445312514016,35.76472222222222,0.32622094035180726,43.0,139.91781250018687,35.75584876543209,139.91781250018687,35.773595679012345,139.89445312514016,35.782469135802465,139.87109375009345,35.773595679012345,139.87109375009345,35.75584876543209,139.89445312514016,35.74697530864197
139.89445312514016,35.81796296296296,0.3610892648531391,44.0,139.91781250018687,35.80908950617283,139.91781250018687,35.826836419753086,139.89445312514016,35.835709876543206,139.87109375009345,35.826836419753086,139.87109375009345,35.80908950617283,139.89445312514016,35.80021604938271
139.89445312514016,35.8712037037037,0.4239598633727667,36.0,139.91781250018687,35.86233024691357,139.91781250018687,35.880077160493826,139.89445312514016,35.888950617283946,139.87109375009345,35.880077160493826,139.87109375009345,35.86233024691357,139.89445312514016,35.85345679012345
139.89445312514016,35.92444444444444,0.5304611649370772,34.0,139.91781250018687,35.91557098765431,139.91781250018687,35.93331790123457,139.89445312514016,35.94219135802469,139.87109375009345,35.93331790123457,139.87109375009345,35.91557098765431,139.89445312514016,35.90669753086419
139.89445312514016,35.97768518518518,0.5244902851813905,7.0,139.91781250018687,35.96881172839505,139.91781250018687,35.98655864197531,139.89445312514016,35.99543209876543,139.87109375009345,35.98655864197531,139.87109375009345,35.96881172839505,139.89445312514016,35.95993827160493
139.9411718752336,35.01935185185185,0.18641758129962155,4.0,139.96453125028032,35.010478395061725,139.96453125028032,35.02822530864198,139.9411718752336,35.0370987654321,139.9178125001869,35.02822530864198,139.9178125001869,35.010478395061725,139.9411718752336,35.001604938271605
139.9411718752336,35.23231481481481,0.05727313571876311,1.0,139.96453125028032,35.22344135802469,139.96453125028032,35.24118827160494,139.9411718752336,35.25006172839506,139.9178125001869,35.24118827160494,139.9178125001869,35.22344135802469,139.9411718752336,35.21456790123457
139.9411718752336,35.285555555555554,0.0627919006107639,4.0,139.96453125028032,35.27668209876543,139.96453125028032,35.29442901234568,139.9411718752336,35.3033024691358,139.9178125001869,35.29442901234568,139.9178125001869,35.27668209876543,139.9411718752336,35.26780864197531
139.9411718752336,35.338796296296294,0.38700905145870623,24.0,139.96453125028032,35.32992283950617,139.96453125028032,35.34766975308642,139.9411718752336,35.35654320987654,139.9178125001869,35.34766975308642,139.9178125001869,35.32992283950617,139.9411718752336,35.32104938271605
139.9411718752336,35.392037037037035,0.38181529535291076,43.0,139.96453125028032,35.38316358024691,139.96453125028032,35.40091049382716,139.9411718752336,35.40978395061728,139.9178125001869,35.40091049382716,139.9178125001869,35.38316358024691,139.9411718752336,35.37429012345679
139.9411718752336,35.445277777777775,0.3591061309770024,10.0,139.96453125028032,35.43640432098765,139.96453125028032,35.4541512345679,139.9411718752336,35.46302469135802,139.9178125001869,35.4541512345679,139.9178125001869,35.43640432098765,139.9411718752336,35.42753086419753
139.9411718752336,35.65824074074074,0.19887663938187894,1.0,139.96453125028032,35.64936728395061,139.96453125028032,35.667114197530864,139.9411718752336,35.675987654320984,139.9178125001869,35.667114197530864,139.9178125001869,35.64936728395061,139.9411718752336,35.64049382716049
139.9411718752336,35.71148148148148,0.2888475447602936,42.0,139.96453125028032,35.70260802469135,139.96453125028032,35.720354938271605,139.9411718752336,35.729228395061725,139.9178125001869,35.720354938271605,139.9178125001869,35.70260802469135,139.9411718752336,35.69373456790123
139.9411718752336,35.76472222222222,0.3200235984961706,44.0,139.96453125028032,35.75584876543209,139.96453125028032,35.773595679012345,139.9411718752336,35.782469135802465,139.9178125001869,35.773595679012345,139.9178125001869,35.75584876543209,139.9411718752336,35.74697530864197
139.9411718752336,35.81796296296296,0.34989999255721405,44.0,139.96453125028032,35.80908950617283,139.96453125028032,35.826836419753086,139.9411718752336,35.835709876543206,139.9178125001869,35.826836419753086,139.9178125001869,35.80908950617283,139.9411718752336,35.80021604938271
139.9411718752336,35.8712037037037,0.47288568296370015,46.0,139.96453125028032,35.86233024691357,139.96453125028032,35.880077160493826,139.9411718752336,35.888950617283946,139.9178125001869,35.880077160493826,139.9178125001869,35.86233024691357,139.9411718752336,35.85345679012345
139.9411718752336,35.92444444444444,0.5951522353220907,21.0,139.96453125028032,35.91557098765431,139.96453125028032,35.93331790123457,139.9411718752336,35.94219135802469,139.9178125001869,35.93331790123457,139.9178125001869,35.91557098765431,139.9411718752336,35.90669753086419
139.98789062532703,35.01935185185185,0.1512971035064417,3.0,140.01125000037374,35.010478395061725,140.01125000037374,35.02822530864198,139.98789062532703,35.0370987654321,139.96453125028032,35.02822530864198,139.96453125028032,35.010478395061725,139.98789062532703,35.001604938271605
139.98789062532703,35.23231481481481,0.09533192663723211,2.0,140.01125000037374,35.22344135802469,140.01125000037374,35.24118827160494,139.98789062532703,35.25006172839506,139.96453125028032,35.24118827160494,139.96453125028032,35.22344135802469,139.98789062532703,35.21456790123457
139.98789062532703,35.285555555555554,0.4609671787516752,7.0,140.01125000037374,35.27668209876543,140.01125000037374,35.29442901234568,139.98789062532703,35.3033024691358,139.96453125028032,35.29442901234568,139.96453125028032,35.27668209876543,139.98789062532703,35.26780864197531
139.98789062532703,35.338796296296294,0.6228248160403242,4.0,140.01125000037374,35.32992283950617,140.01125000037374,35.34766975308642,139.98789062532703,35.35654320987654,139.96453125028032,35.34766975308642,139.96453125028032,35.32992283950617,139.98789062532703,35.32104938271605
139.98789062532703,35.392037037037035,0.3552214968136699,11.0,140.01125000037374,35.38316358024691,140.01125000037374,35.40091049382716,139.98789062532703,35.40978395061728,139.96453125028032,35.40091049382716,139.96453125028032,35.38316358024691,139.98789062532703,35.37429012345679
139.98789062532703,35.445277777777775,0.37361502413926284,31.0,140.01125000037374,35.43640432098765,140.01125000037374,35.4541512345679,139.98789062532703,35.46302469135802,139.96453125028032,35.4541512345679,139.96453125028032,35.43640432098765,139.98789062532703,35.42753086419753
139.98789062532703,35.71148148148148,0.28861319536824326,48.0,140.01125000037374,35.70260802469135,140.01125000037374,35.720354938271605,139.98789062532703,35.729228395061725,139.96453125028032,35.720354938271605,139.96453125028032,35.70260802469135,139.98789062532703,35.69373456790123
139.98789062532703,35.76472222222222,0.2844792439311745,35.0,140.01125000037374,35.75584876543209,140.01125000037374,35.773595679012345,139.98789062532703,35.782469135802465,139.96453125028032,35.773595679012345,139.96453125028032,35.75584876543209,139.98789062532703,35.74697530864197
139.98789062532703,35.81796296296296,0.3374452256741658,45.0,140.01125000037374,35.80908950617283,140.01125000037374,35.826836419753086,139.98789062532703,35.835709876543206,139.96453125028032,35.826836419753086,139.96453125028032,35.80908950617283,139.98789062532703,35.80021604938271
139.98789062532703,35.8712037037037,0.4272837700476426,46.0,140.01125000037374,35.86233024691357,140.01125000037374,35.880077160493826,139.98789062532703,35.888950617283946,139.96453125028032,35.880077160493826,139.96453125028032,35.86233024691357,139.98789062532703,35.85345679012345
140.03460937542047,35.07259259259259,0.3046421338275045,1.0,140.05796875046718,35.063719135802465,140.05796875046718,35.08146604938272,140.03460937542047,35.09033950617284,140.01125000037376,35.08146604938272,140.01125000037376,35.063719135802465,140.03460937542047,35.054845679012345
140.03460937542047,35.12583333333333,0.21376320507485835,10.0,140.05796875046718,35.116959876543206,140.05796875046718,35.13470679012346,140.03460937542047,35.14358024691358,140.01125000037376,35.13470679012346,140.01125000037376,35.116959876543206,140.03460937542047,35.108086419753086
140.03460937542047,35.338796296296294,0.48983352404458863,5.0,140.05796875046718,35.32992283950617,140.05796875046718,35.34766975308642,140.03460937542047,35.35654320987654,140.01125000037376,35.34766975308642,140.01125000037376,35.32992283950617,140.03460937542047,35.32104938271605
140.03460937542047,35.392037037037035,0.35228327398296677,19.0,140.05796875046718,35.38316358024691,140.05796875046718,35.40091049382716,140.03460937542047,35.40978395061728,140.01125000037376,35.40091049382716,140.01125000037376,35.38316358024691,140.03460937542047,35.37429012345679
140.03460937542047,35.445277777777775,0.44773203288939273,13.0,140.05796875046718,35.43640432098765,140.05796875046718,35.4541512345679,140.03460937542047,35.46302469135802,140.01125000037376,35.4541512345679,140.01125000037376,35.43640432098765,140.03460937542047,35.42753086419753
140.03460937542047,35.498518518518516,0.3413702364040484,4.0,140.05796875046718,35.48964506172839,140.05796875046718,35.50739197530864,140.03460937542047,35.51626543209876,140.01125000037376,35.50739197530864,140.01125000037376,35.48964506172839,140.03460937542047,35.48077160493827
140.03460937542047,35.65824074074074,0.2732279185460471,22.0,140.05796875046718,35.64936728395061,140.05796875046718,35.667114197530864,140.03460937542047,35.675987654320984,140.01125000037376,35.667114197530864,140.01125000037376,35.64936728395061,140.03460937542047,35.64049382716049
140.03460937542047,35.71148148148148,0.2936739463761844,44.0,140.05796875046718,35.70260802469135,140.05796875046718,35.720354938271605,140.03460937542047,35.729228395061725,140.01125000037376,35.720354938271605,140.01125000037376,35.70260802469135,140.03460937542047,35.69373456790123
140.03460937542047,35.76472222222222,0.4154790613100468,40.0,140.05796875046718,35.75584876543209,140.05796875046718,35.773595679012345,140.03460937542047,35.782469135802465,140.01125000037376,35.773595679012345,140.01125000037376,35.75584876543209,140.03460937542047,35.74697530864197
140.03460937542047,35.81796296296296,0.4510162937966216,23.0,140.05796875046718,35.80908950617283,140.05796875046718,35.826836419753086,140.03460937542047,35.835709876543206,140.01125000037376,35.826836419753086,140.01125000037376,35.80908950617283,140.03460937542047,35.80021604938271
140.03460937542047,35.8712037037037,0.286998607365366,33.0,140.05796875046718,35.86233024691357,140.05796875046718,35.880077160493826,140.03460937542047,35.888950617283946,140.01125000037376,35.880077160493826,140.01125000037376,35.86233024691357,140.03460937542047,35.85345679012345
140.08132812551392,35.12583333333333,0.23837283656986558,24.0,140.10468750056063,35.116959876543206,140.10468750056063,35.13470679012346,140.08132812551392,35.14358024691358,140.0579687504672,35.13470679012346,140.0579687504672,35.116959876543206,140.08132812551392,35.108086419753086
140.08132812551392,35.285555555555554,0.10963058239386397,1.0,140.10468750056063,35.27668209876543,140.10468750056063,35.29442901234568,140.08132812551392,35.3033024691358,140.0579687504672,35.29442901234568,140.0579687504672,35.27668209876543,140.08132812551392,35.26780864197531
140.08132812551392,35.338796296296294,0.2859326962419554,4.0,140.10468750056063,35.32992283950617,140.10468750056063,35.34766975308642,140.08132812551392,35.35654320987654,140.0579687504672,35.34766975308642,140.0579687504672,35.32992283950617,140.08132812551392,35.32104938271605
140.08132812551392,35.392037037037035,0.4911326226589573,2.0,140.10468750056063,35.38316358024691,140.10468750056063,35.40091049382716,140.08132812551392,35.40978395061728,140.0579687504672,35.40091049382716,140.0579687504672,35.38316358024691,140.08132812551392,35.37429012345679
140.08132812551392,35.445277777777775,0.370410812232482,19.0,140.10468750056063,35.43640432098765,140.10468750056063,35.4541512345679,140.08132812551392,35.46302469135802,140.0579687504672,35.4541512345679,140.0579687504672,35.43640432098765,140.08132812551392,35.42753086419753
140.08132812551392,35.498518518518516,0.39847632196864885,39.0,140.10468750056063,35.48964506172839,140.10468750056063,35.50739197530864,140.08132812551392,35.51626543209876,140.0579687504672,35.50739197530864,140.0579687504672,35.48964506172839,140.08132812551392,35.48077160493827
140.08132812551392,35.605,0.09264916132061214,2.0,140.10468750056063,35.59612654320987,140.10468750056063,35.613873456790124,140.08132812551392,35.622746913580244,140.0579687504672,35.613873456790124,140.0579687504672,35.59612654320987,140.08132812551392,35.58725308641975
140.08132812551392,35.65824074074074,0.3576337324172745,45.0,140.10468750056063,35.64936728395061,140.10468750056063,35.667114197530864,140.08132812551392,35.675987654320984,140.0579687504672,35.667114197530864,140.0579687504672,35.64936728395061,140.08132812551392,35.64049382716049
140.08132812551392,35.71148148148148,0.5068213617167361,45.0,140.10468750056063,35.70260802469135,140.10468750056063,35.720354938271605,140.08132812551392,35.729228395061725,140.0579687504672,35.720354938271605,140.0579687504672,35.70260802469135,140.08132812551392,35.69373456790123
140.08132812551392,35.76472222222222,0.6756281160811328,21.0,140.10468750056063,35.75584876543209,140.10468750056063,35.773595679012345,140.08132812551392,35.782469135802465,140.0579687504672,35.773595679012345,140.0579687504672,35.75584876543209,140.08132812551392,35.74697530864197
140.08132812551392,35.81796296296296,0.4677970884273851,9.0,140.10468750056063,35.80908950617283,140.10468750056063,35.826836419753086,140.08132812551392,35.835709876543206,140.0579687504672,35.826836419753086,140.0579687504672,35.80908950617283,140.08132812551392,35.80021604938271
140.08132812551392,35.8712037037037,0.29785629401218633,27.0,140.10468750056063,35.86233024691357,140.10468750056063,35.880077160493826,140.08132812551392,35.888950617283946,140.0579687504672,35.880077160493826,140.0579687504672,35.86233024691357,140.08132812551392,35.85345679012345
140.12804687560734,35.12583333333333,0.14497911588993592,10.0,140.15140625065405,35.116959876543206,140.15140625065405,35.13470679012346,140.12804687560734,35.14358024691358,140.10468750056063,35.13470679012346,140.10468750056063,35.116959876543206,140.12804687560734,35.108086419753086
140.12804687560734,35.392037037037035,0.11116249407640905,9.0,140.15140625065405,35.38316358024691,140.15140625065405,35.40091049382716,140.12804687560734,35.40978395061728,140.10468750056063,35.40091049382716,140.10468750056063,35.38316358024691,140.12804687560734,35.37429012345679
140.12804687560734,35.445277777777775,0.20586928249444347,15.0,140.15140625065405,35.43640432098765,140.15140625065405,35.4541512345679,140.12804687560734,35.46302469135802,140.10468750056063,35.4541512345679,140.10468750056063,35.43640432098765,140.12804687560734,35.42753086419753
140.12804687560734,35.498518518518516,0.34329057375242794,25.0,140.15140625065405,35.48964506172839,140.15140625065405,35.50739197530864,140.12804687560734,35.51626543209876,140.10468750056063,35.50739197530864,140.10468750056063,35.48964506172839,140.12804687560734,35.48077160493827
140.12804687560734,35.551759259259256,0.3070358189461112,30.0,140.15140625065405,35.54288580246913,140.15140625065405,35.56063271604938,140.12804687560734,35.5695061728395,140.10468750056063,35.56063271604938,140.10468750056063,35.54288580246913,140.12804687560734,35.53401234567901
140.12804687560734,35.605,0.1534597937289975,27.0,140.15140625065405,35.59612654320987,140.15140625065405,35.613873456790124,140.12804687560734,35.622746913580244,140.10468750056063,35.613873456790124,140.10468750056063,35.59612654320987,140.12804687560734,35.58725308641975
140.12804687560734,35.65824074074074,0.30446431308748817,38.0,140.15140625065405,35.64936728395061,140.15140625065405,35.667114197530864,140.12804687560734,35.675987654320984,140.10468750056063,35.667114197530864,140.10468750056063,35.64936728395061,140.12804687560734,35.64049382716049
140.12804687560734,35.71148148148148,0.5179116504757904,41.0,140.15140625065405,35.70260802469135,140.15140625065405,35.720354938271605,140.12804687560734,35.729228395061725,140.10468750056063,35.720354938271605,140.10468750056063,35.70260802469135,140.12804687560734,35.69373456790123
140.12804687560734,35.76472222222222,0.6929125073725968,14.0,140.15140625065405,35.75584876543209,140.15140625065405,35.773595679012345,140.12804687560734,35.782469135802465,140.10468750056063,35.773595679012345,140.10468750056063,35.75584876543209,140.12804687560734,35.74697530864197
140.12804687560734,35.81796296296296,0.6102995880649054,24.0,140.15140625065405,35.80908950617283,140.15140625065405,35.826836419753086,140.12804687560734,35.835709876543206,140.10468750056063,35.826836419753086,140.10468750056063,35.80908950617283,140.12804687560734,35.80021604938271
140.12804687560734,35.8712037037037,0.20954161637534768,9.0,140.15140625065405,35.86233024691357,140.15140625065405,35.880077160493826,140.12804687560734,35.888950617283946,140.10468750056063,35.880077160493826,140.10468750056063,35.86233024691357,140.12804687560734,35.85345679012345
140.1747656257008,35.12583333333333,0.0481535843640276,2.0,140.1981250007475,35.116959876543206,140.1981250007475,35.13470679012346,140.1747656257008,35.14358024691358,140.15140625065408,35.13470679012346,140.15140625065408,35.116959876543206,140.1747656257008,35.108086419753086
140.1747656257008,35.392037037037035,0.11692460878563196,8.0,140.1981250007475,35.38316358024691,140.1981250007475,35.40091049382716,140.1747656257008,35.40978395061728,140.15140625065408,35.40091049382716,140.15140625065408,35.38316358024691,140.1747656257008,35.37429012345679
140.1747656257008,35.445277777777775,0.1507246482785415,2.0,140.1981250007475,35.43640432098765,140.1981250007475,35.4541512345679,140.1747656257008,35.46302469135802,140.15140625065408,35.4541512345679,140.15140625065408,35.43640432098765,140.1747656257008,35.42753086419753
140.1747656257008,35.498518518518516,0.5549728487499855,17.0,140.1981250007475,35.48964506172839,140.1981250007475,35.50739197530864,140.1747656257008,35.51626543209876,140.15140625065408,35.50739197530864,140.15140625065408,35.48964506172839,140.1747656257008,35.48077160493827
140.1747656257008,35.551759259259256,0.2737027928866178,47.0,140.1981250007475,35.54288580246913,140.1981250007475,35.56063271604938,140.1747656257008,35.5695061728395,140.15140625065408,35.56063271604938,140.15140625065408,35.54288580246913,140.1747656257008,35.53401234567901
140.1747656257008,35.605,0.39242993639992657,29.0,140.1981250007475,35.59612654320987,140.1981250007475,35.613873456790124,140.1747656257008,35.622746913580244,140.15140625065408,35.613873456790124,140.15140625065408,35.59612654320987,140.1747656257008,35.58725308641975
140.1747656257008,35.65824074074074,0.29485627741892384,38.0,140.1981250007475,35.64936728395061,140.1981250007475,35.667114197530864,140.1747656257008,35.675987654320984,140.15140625065408,35.667114197530864,140.15140625065408,35.64936728395061,140.1747656257008,35.64049382716049
140.1747656257008,35.71148148148148,0.41029793112009433,28.0,140.1981250007475,35.70260802469135,140.1981250007475,35.720354938271605,140.1747656257008,35.729228395061725,140.15140625065408,35.720354938271605,140.15140625065408,35.70260802469135,140.1747656257008,35.69373456790123
140.1747656257008,35.76472222222222,0.5591867463083818,7.0,140.1981250007475,35.75584876543209,140.1981250007475,35.773595679012345,140.1747656257008,35.782469135802465,140.15140625065408,35.773595679012345,140.15140625065408,35.75584876543209,140.1747656257008,35.74697530864197
140.1747656257008,35.81796296296296,0.4875801668019849,25.0,140.1981250007475,35.80908950617283,140.1981250007475,35.826836419753086,140.1747656257008,35.835709876543206,140.15140625065408,35.826836419753086,140.15140625065408,35.80908950617283,140.1747656257008,35.80021604938271
140.22148437579423,35.392037037037035,0.2362606042094157,2.0,140.24484375084094,35.38316358024691,140.24484375084094,35.40091049382716,140.22148437579423,35.40978395061728,140.19812500074752,35.40091049382716,140.19812500074752,35.38316358024691,140.22148437579423,35.37429012345679
140.22148437579423,35.445277777777775,0.18879990667416444,4.0,140.24484375084094,35.43640432098765,140.24484375084094,35.4541512345679,140.22148437579423,35.46302469135802,140.19812500074752,35.4541512345679,140.19812500074752,35.43640432098765,140.22148437579423,35.42753086419753
140.22148437579423,35.498518518518516,0.7249092820077935,1.0,140.24484375084094,35.48964506172839,140.24484375084094,35.50739197530864,140.22148437579423,35.51626543209876,140.19812500074752,35.50739197530864,140.19812500074752,35.48964506172839,140.22148437579423,35.48077160493827
140.22148437579423,35.551759259259256,0.3186013179930325,26.0,140.24484375084094,35.54288580246913,140.24484375084094,35.56063271604938,140.22148437579423,35.5695061728395,140.19812500074752,35.56063271604938,140.19812500074752,35.54288580246913,140.22148437579423,35.53401234567901
140.22148437579423,35.605,0.5168327875249092,12.0,140.24484375084094,35.59612654320987,140.24484375084094,35.613873456790124,140.22148437579423,35.622746913580244,140.19812500074752,35.613873456790124,140.19812500074752,35.59612654320987,140.22148437579423,35.58725308641975
140.22148437579423,35.65824074074074,0.5164996308885546,8.0,140.24484375084094,35.64936728395061,140.24484375084094,35.667114197530864,140.22148437579423,35.675987654320984,140.19812500074752,35.667114197530864,140.19812500074752,35.64936728395061,140.22148437579423,35.64049382716049
140.22148437579423,35.71148148148148,0.3593896837112674,29.0,140.24484375084094,35.70260802469135,140.24484375084094,35.720354938271605,140.22148437579423,35.729228395061725,140.19812500074752,35.720354938271605,140.19812500074752,35.70260802469135,140.22148437579423,35.69373456790123
140.22148437579423,35.76472222222222,0.3319455734025474,8.0,140.24484375084094,35.75584876543209,140.24484375084094,35.773595679012345,140.22148437579423,35.782469135802465,140.19812500074752,35.773595679012345,140.19812500074752,35.75584876543209,140.22148437579423,35.74697530864197
140.22148437579423,35.81796296296296,0.44877665235665937,5.0,140.24484375084094,35.80908950617283,140.24484375084094,35.826836419753086,140.22148437579423,35.835709876543206,140.19812500074752,35.826836419753086,140.19812500074752,35.80908950617283,140.22148437579423,35.80021604938271
140.26820312588765,35.285555555555554,0.012772837681638978,2.0,140.29156250093436,35.27668209876543,140.29156250093436,35.29442901234568,140.26820312588765,35.3033024691358,140.24484375084094,35.29442901234568,140.24484375084094,35.27668209876543,140.26820312588765,35.26780864197531
140.26820312588765,35.338796296296294,0.13985172464136084,1.0,140.29156250093436,35.32992283950617,140.29156250093436,35.34766975308642,140.26820312588765,35.35654320987654,140.24484375084094,35.34766975308642,140.24484375084094,35.32992283950617,140.26820312588765,35.32104938271605
140.26820312588765,35.392037037037035,0.4678605531278514,3.0,140.29156250093436,35.38316358024691,140.29156250093436,35.40091049382716,140.26820312588765,35.40978395061728,140.24484375084094,35.40091049382716,140.24484375084094,35.38316358024691,140.26820312588765,35.37429012345679
140.26820312588765,35.445277777777775,0.4077190198812905,21.0,140.29156250093436,35.43640432098765,140.29156250093436,35.4541512345679,140.26820312588765,35.46302469135802,140.24484375084094,35.4541512345679,140.24484375084094,35.43640432098765,140.26820312588765,35.42753086419753
140.26820312588765,35.498518518518516,0.2462469172113213,5.0,140.29156250093436,35.48964506172839,140.29156250093436,35.50739197530864,140.26820312588765,35.51626543209876,140.24484375084094,35.50739197530864,140.24484375084094,35.48964506172839,140.26820312588765,35.48077160493827
140.26820312588765,35.551759259259256,0.4515592564403974,13.0,140.29156250093436,35.54288580246913,140.29156250093436,35.56063271604938,140.26820312588765,35.5695061728395,140.24484375084094,35.56063271604938,140.24484375084094,35.54288580246913,140.26820312588765,35.53401234567901
140.26820312588765,35.605,0.40580923486800136,5.0,140.29156250093436,35.59612654320987,140.29156250093436,35.613873456790124,140.26820312588765,35.622746913580244,140.24484375084094,35.613873456790124,140.24484375084094,35.59612654320987,140.26820312588765,35.58725308641975
140.26820312588765,35.65824074074074,0.45172103693977683,15.0,140.29156250093436,35.64936728395061,140.29156250093436,35.667114197530864,140.26820312588765,35.675987654320984,140.24484375084094,35.667114197530864,140.24484375084094,35.64936728395061,140.26820312588765,35.64049382716049
140.26820312588765,35.71148148148148,0.48230975242404084,19.0,140.29156250093436,35.70260802469135,140.29156250093436,35.720354938271605,140.26820312588765,35.729228395061725,140.24484375084094,35.720354938271605,140.24484375084094,35.70260802469135,140.26820312588765,35.69373456790123
140.26820312588765,35.76472222222222,0.2636003288995141,15.0,140.29156250093436,35.75584876543209,140.29156250093436,35.773595679012345,140.26820312588765,35.782469135802465,140.24484375084094,35.773595679012345,140.24484375084094,35.75584876543209,140.26820312588765,35.74697530864197
140.26820312588765,35.81796296296296,0.13783477373162623,13.0,140.29156250093436,35.80908950617283,140.29156250093436,35.826836419753086,140.26820312588765,35.835709876543206,140.24484375084094,35.826836419753086,140.24484375084094,35.80908950617283,140.26820312588765,35.80021604938271
140.3149218759811,35.285555555555554,0.22313897913643682,5.0,140.3382812510278,35.27668209876543,140.3382812510278,35.29442901234568,140.3149218759811,35.3033024691358,140.2915625009344,35.29442901234568,140.2915625009344,35.27668209876543,140.3149218759811,35.26780864197531
140.3149218759811,35.338796296296294,0.2572809004619063,1.0,140.3382812510278,35.32992283950617,140.3382812510278,35.34766975308642,140.3149218759811,35.35654320987654,140.2915625009344,35.34766975308642,140.2915625009344,35.32992283950617,140.3149218759811,35.32104938271605
140.3149218759811,35.392037037037035,0.40389584597411654,16.0,140.3382812510278,35.38316358024691,140.3382812510278,35.40091049382716,140.3149218759811,35.40978395061728,140.2915625009344,35.40091049382716,140.2915625009344,35.38316358024691,140.3149218759811,35.37429012345679
140.3149218759811,35.445277777777775,0.37129921087456563,36.0,140.3382812510278,35.43640432098765,140.3382812510278,35.4541512345679,140.3149218759811,35.46302469135802,140.2915625009344,35.4541512345679,140.2915625009344,35.43640432098765,140.3149218759811,35.42753086419753
140.3149218759811,35.498518518518516,0.25320979366307883,16.0,140.3382812510278,35.48964506172839,140.3382812510278,35.50739197530864,140.3149218759811,35.51626543209876,140.2915625009344,35.50739197530864,140.2915625009344,35.48964506172839,140.3149218759811,35.48077160493827
140.3149218759811,35.551759259259256,0.29430665564594954,24.0,140.3382812510278,35.54288580246913,140.3382812510278,35.56063271604938,140.3149218759811,35.5695061728395,140.2915625009344,35.56063271604938,140.2915625009344,35.54288580246913,140.3149218759811,35.53401234567901
140.3149218759811,35.605,0.4499618592071669,12.0,140.3382812510278,35.59612654320987,140.3382812510278,35.613873456790124,140.3149218759811,35.622746913580244,140.2915625009344,35.613873456790124,140.2915625009344,35.59612654320987,140.3149218759811,35.58725308641975
140.3149218759811,35.65824074074074,0.40772226444922616,41.0,140.3382812510278,35.64936728395061,140.3382812510278,35.667114197530864,140.3149218759811,35.675987654320984,140.2915625009344,35.667114197530864,140.2915625009344,35.64936728395061,140.3149218759811,35.64049382716049
140.3149218759811,35.71148148148148,0.4328041779521272,16.0,140.3382812510278,35.70260802469135,140.3382812510278,35.720354938271605,140.3149218759811,35.729228395061725,140.2915625009344,35.720354938271605,140.2915625009344,35.70260802469135,140.3149218759811,35.69373456790123
140.3149218759811,35.76472222222222,0.12320036751292435,31.0,140.3382812510278,35.75584876543209,140.3382812510278,35.773595679012345,140.3149218759811,35.782469135802465,140.2915625009344,35.773595679012345,140.2915625009344,35.75584876543209,140.3149218759811,35.74697530864197
140.3149218759811,35.81796296296296,0.2699339639082903,9.0,140.3382812510278,35.80908950617283,140.3382812510278,35.826836419753086,140.3149218759811,35.835709876543206,140.2915625009344,35.826836419753086,140.2915625009344,35.80908950617283,140.3149218759811,35.80021604938271
140.3149218759811,35.8712037037037,0.3230447966508747,1.0,140.3382812510278,35.86233024691357,140.3382812510278,35.880077160493826,140.3149218759811,35.888950617283946,140.2915625009344,35.880077160493826,140.2915625009344,35.86233024691357,140.3149218759811,35.85345679012345
140.36164062607455,35.285555555555554,0.13573731302210132,4.0,140.38500000112126,35.27668209876543,140.38500000112126,35.29442901234568,140.36164062607455,35.3033024691358,140.33828125102784,35.29442901234568,140.33828125102784,35.27668209876543,140.36164062607455,35.26780864197531
140.36164062607455,35.338796296296294,0.3089904901510289,5.0,140.38500000112126,35.32992283950617,140.38500000112126,35.34766975308642,140.36164062607455,35.35654320987654,140.33828125102784,35.34766975308642,140.33828125102784,35.32992283950617,140.36164062607455,35.32104938271605
140.36164062607455,35.392037037037035,0.40513085474537397,22.0,140.38500000112126,35.38316358024691,140.38500000112126,35.40091049382716,140.36164062607455,35.40978395061728,140.33828125102784,35.40091049382716,140.33828125102784,35.38316358024691,140.36164062607455,35.37429012345679
140.36164062607455,35.445277777777775,0.38835618939685795,21.0,140.38500000112126,35.43640432098765,140.38500000112126,35.4541512345679,140.36164062607455,35.46302469135802,140.33828125102784,35.4541512345679,140.33828125102784,35.43640432098765,140.36164062607455,35.42753086419753
140.36164062607455,35.498518518518516,0.45626026979519646,22.0,140.38500000112126,35.48964506172839,140.38500000112126,35.50739197530864,140.36164062607455,35.51626543209876,140.33828125102784,35.50739197530864,140.33828125102784,35.48964506172839,140.36164062607455,35.48077160493827
140.36164062607455,35.551759259259256,0.3408911844061213,35.0,140.38500000112126,35.54288580246913,140.38500000112126,35.56063271604938,140.36164062607455,35.5695061728395,140.33828125102784,35.56063271604938,140.33828125102784,35.54288580246913,140.36164062607455,35.53401234567901
140.36164062607455,35.605,0.5756561346350412,5.0,140.38500000112126,35.59612654320987,140.38500000112126,35.613873456790124,140.36164062607455,35.622746913580244,140.33828125102784,35.613873456790124,140.33828125102784,35.59612654320987,140.36164062607455,35.58725308641975
140.36164062607455,35.65824074074074,0.372428986654497,20.0,140.38500000112126,35.64936728395061,140.38500000112126,35.667114197530864,140.36164062607455,35.675987654320984,140.33828125102784,35.667114197530864,140.33828125102784,35.64936728395061,140.36164062607455,35.64049382716049
140.36164062607455,35.71148148148148,0.4595091854884319,26.0,140.38500000112126,35.70260802469135,140.38500000112126,35.720354938271605,140.36164062607455,35.729228395061725,140.33828125102784,35.720354938271605,140.33828125102784,35.70260802469135,140.36164062607455,35.69373456790123
140.36164062607455,35.76472222222222,0.4089822870987043,4.0,140.38500000112126,35.75584876543209,140.38500000112126,35.773595679012345,140.36164062607455,35.782469135802465,140.33828125102784,35.773595679012345,140.33828125102784,35.75584876543209,140.36164062607455,35.74697530864197
140.36164062607455,35.8712037037037,0.2769728240650309,15.0,140.38500000112126,35.86233024691357,140.38500000112126,35.880077160493826,140.36164062607455,35.888950617283946,140.33828125102784,35.880077160493826,140.33828125102784,35.86233024691357,140.36164062607455,35.85345679012345
140.40835937616797,35.285555555555554,0.08168234557005344,2.0,140.43171875121467,35.27668209876543,140.43171875121467,35.29442901234568,140.40835937616797,35.3033024691358,140.38500000112126,35.29442901234568,140.38500000112126,35.27668209876543,140.40835937616797,35.26780864197531
140.40835937616797,35.338796296296294,0.19327776448943362,4.0,140.43171875121467,35.32992283950617,140.43171875121467,35.34766975308642,140.40835937616797,35.35654320987654,140.38500000112126,35.34766975308642,140.38500000112126,35.32992283950617,140.40835937616797,35.32104938271605
140.40835937616797,35.445277777777775,0.34862038736069956,4.0,140.43171875121467,35.43640432098765,140.43171875121467,35.4541512345679,140.40835937616797,35.46302469135802,140.38500000112126,35.4541512345679,140.38500000112126,35.43640432098765,140.40835937616797,35.42753086419753
140.40835937616797,35.498518518518516,0.4994263077800677,8.0,140.43171875121467,35.48964506172839,140.43171875121467,35.50739197530864,140.40835937616797,35.51626543209876,140.38500000112126,35.50739197530864,140.38500000112126,35.48964506172839,140.40835937616797,35.48077160493827
140.40835937616797,35.551759259259256,0.5222500826150448,15.0,140.43171875121467,35.54288580246913,140.43171875121467,35.56063271604938,140.40835937616797,35.5695061728395,140.38500000112126,35.56063271604938,140.38500000112126,35.54288580246913,140.40835937616797,35.53401234567901
140.40835937616797,35.605,0.3662715415704372,17.0,140.43171875121467,35.59612654320987,140.43171875121467,35.613873456790124,140.40835937616797,35.622746913580244,140.38500000112126,35.613873456790124,140.38500000112126,35.59612654320987,140.40835937616797,35.58725308641975
140.40835937616797,35.65824074074074,0.5359968828756253,2.0,140.43171875121467,35.64936728395061,140.43171875121467,35.667114197530864,140.40835937616797,35.675987654320984,140.38500000112126,35.667114197530864,140.38500000112126,35.64936728395061,140.40835937616797,35.64049382716049
140.40835937616797,35.71148148148148,0.5514526760911489,8.0,140.43171875121467,35.70260802469135,140.43171875121467,35.720354938271605,140.40835937616797,35.729228395061725,140.38500000112126,35.720354938271605,140.38500000112126,35.70260802469135,140.40835937616797,35.69373456790123
140.40835937616797,35.76472222222222,0.17966263803462168,6.0,140.43171875121467,35.75584876543209,140.43171875121467,35.773595679012345,140.40835937616797,35.782469135802465,140.38500000112126,35.773595679012345,140.38500000112126,35.75584876543209,140.40835937616797,35.74697530864197
140.40835937616797,35.81796296296296,0.4624154840817869,8.0,140.43171875121467,35.80908950617283,140.43171875121467,35.826836419753086,140.40835937616797,35.835709876543206,140.38500000112126,35.826836419753086,140.38500000112126,35.80908950617283,140.40835937616797,35.80021604938271
140.40835937616797,35.8712037037037,0.34638874342950615,7.0,140.43171875121467,35.86233024691357,140.43171875121467,35.880077160493826,140.40835937616797,35.888950617283946,140.38500000112126,35.880077160493826,140.38500000112126,35.86233024691357,140.40835937616797,35.85345679012345
140.4550781262614,35.551759259259256,0.47976648064169763,22.0,140.47843750130812,35.54288580246913,140.47843750130812,35.56063271604938,140.4550781262614,35.5695061728395,140.4317187512147,35.56063271604938,140.4317187512147,35.54288580246913,140.4550781262614,35.53401234567901
140.4550781262614,35.605,0.5395372249796918,23.0,140.47843750130812,35.59612654320987,140.47843750130812,35.613873456790124,140.4550781262614,35.622746913580244,140.4317187512147,35.613873456790124,140.4317187512147,35.59612654320987,140.4550781262614,35.58725308641975
140.4550781262614,35.65824074074074,0.5320839762680736,11.0,140.47843750130812,35.64936728395061,140.47843750130812,35.667114197530864,140.4550781262614,35.675987654320984,140.4317187512147,35.667114197530864,140.4317187512147,35.64936728395061,140.4550781262614,35.64049382716049
140.4550781262614,35.71148148148148,0.4079443036734449,6.0,140.47843750130812,35.70260802469135,140.47843750130812,35.720354938271605,140.4550781262614,35.729228395061725,140.4317187512147,35.720354938271605,140.4317187512147,35.70260802469135,140.4550781262614,35.69373456790123
140.4550781262614,35.76472222222222,0.515669028334125,8.0,140.47843750130812,35.75584876543209,140.47843750130812,35.773595679012345,140.4550781262614,35.782469135802465,140.4317187512147,35.773595679012345,140.4317187512147,35.75584876543209,140.4550781262614,35.74697530864197
140.4550781262614,35.81796296296296,0.6136555651316753,12.0,140.47843750130812,35.80908950617283,140.47843750130812,35.826836419753086,140.4550781262614,35.835709876543206,140.4317187512147,35.826836419753086,140.4317187512147,35.80908950617283,140.4550781262614,35.80021604938271
140.4550781262614,35.8712037037037,0.38621537084107954,10.0,140.47843750130812,35.86233024691357,140.47843750130812,35.880077160493826,140.4550781262614,35.888950617283946,140.4317187512147,35.880077160493826,140.4317187512147,35.86233024691357,140.4550781262614,35.85345679012345
140.4550781262614,35.92444444444444,0.2655191742880526,1.0,140.47843750130812,35.91557098765431,140.47843750130812,35.93331790123457,140.4550781262614,35.94219135802469,140.4317187512147,35.93331790123457,140.4317187512147,35.91557098765431,140.4550781262614,35.90669753086419
140.50179687635486,35.605,0.5047370666050057,7.0,140.52515625140157,35.59612654320987,140.52515625140157,35.613873456790124,140.50179687635486,35.622746913580244,140.47843750130815,35.613873456790124,140.47843750130815,35.59612654320987,140.50179687635486,35.58725308641975
140.50179687635486,35.65824074074074,0.3494386511380329,15.0,140.52515625140157,35.64936728395061,140.52515625140157,35.667114197530864,140.50179687635486,35.675987654320984,140.47843750130815,35.667114197530864,140.47843750130815,35.64936728395061,140.50179687635486,35.64049382716049
140.50179687635486,35.71148148148148,0.12238230019454628,4.0,140.52515625140157,35.70260802469135,140.52515625140157,35.720354938271605,140.50179687635486,35.729228395061725,140.47843750130815,35.720354938271605,140.47843750130815,35.70260802469135,140.50179687635486,35.69373456790123
140.50179687635486,35.76472222222222,0.462763989418557,2.0,140.52515625140157,35.75584876543209,140.52515625140157,35.773595679012345,140.50179687635486,35.782469135802465,140.47843750130815,35.773595679012345,140.47843750130815,35.75584876543209,140.50179687635486,35.74697530864197
140.50179687635486,35.81796296296296,0.6417442445372881,8.0,140.52515625140157,35.80908950617283,140.52515625140157,35.826836419753086,140.50179687635486,35.835709876543206,140.47843750130815,35.826836419753086,140.47843750130815,35.80908950617283,140.50179687635486,35.80021604938271
140.50179687635486,35.8712037037037,0.4356577862345642,11.0,140.52515625140157,35.86233024691357,140.52515625140157,35.880077160493826,140.50179687635486,35.888950617283946,140.47843750130815,35.880077160493826,140.47843750130815,35.86233024691357,140.50179687635486,35.85345679012345
140.50179687635486,35.92444444444444,0.2042531868432532,5.0,140.52515625140157,35.91557098765431,140.52515625140157,35.93331790123457,140.50179687635486,35.94219135802469,140.47843750130815,35.93331790123457,140.47843750130815,35.91557098765431,140.50179687635486,35.90669753086419
140.54851562644828,35.65824074074074,0.3962165292109057,3.0,140.571875001495,35.64936728395061,140.571875001495,35.667114197530864,140.54851562644828,35.675987654320984,140.52515625140157,35.667114197530864,140.52515625140157,35.64936728395061,140.54851562644828,35.64049382716049
140.54851562644828,35.71148148148148,0.523005425933668,5.0,140.571875001495,35.70260802469135,140.571875001495,35.720354938271605,140.54851562644828,35.729228395061725,140.52515625140157,35.720354938271605,140.52515625140157,35.70260802469135,140.54851562644828,35.69373456790123
140.54851562644828,35.76472222222222,0.21513586796700687,3.0,140.571875001495,35.75584876543209,140.571875001495,35.773595679012345,140.54851562644828,35.782469135802465,140.52515625140157,35.773595679012345,140.52515625140157,35.75584876543209,140.54851562644828,35.74697530864197
140.54851562644828,35.81796296296296,0.42031083353753906,6.0,140.571875001495,35.80908950617283,140.571875001495,35.826836419753086,140.54851562644828,35.835709876543206,140.52515625140157,35.826836419753086,140.52515625140157,35.80908950617283,140.54851562644828,35.80021604938271
140.54851562644828,35.8712037037037,0.6074299324330245,7.0,140.571875001495,35.86233024691357,140.571875001495,35.880077160493826,140.54851562644828,35.888950617283946,140.52515625140157,35.880077160493826,140.52515625140157,35.86233024691357,140.54851562644828,35.85345679012345
140.54851562644828,35.92444444444444,0.11608883931746752,4.0,140.571875001495,35.91557098765431,140.571875001495,35.93331790123457,140.54851562644828,35.94219135802469,140.52515625140157,35.93331790123457,140.52515625140157,35.91557098765431,140.54851562644828,35.90669753086419
140.59523437654173,35.65824074074074,0.35006459049112487,7.0,140.61859375158843,35.64936728395061,140.61859375158843,35.667114197530864,140.59523437654173,35.675987654320984,140.57187500149502,35.667114197530864,140.57187500149502,35.64936728395061,140.59523437654173,35.64049382716049
140.59523437654173,35.71148148148148,0.46691838647680967,29.0,140.61859375158843,35.70260802469135,140.61859375158843,35.720354938271605,140.59523437654173,35.729228395061725,140.57187500149502,35.720354938271605,140.57187500149502,35.70260802469135,140.59523437654173,35.69373456790123
140.59523437654173,35.76472222222222,0.4053121652699859,11.0,140.61859375158843,35.75584876543209,140.61859375158843,35.773595679012345,140.59523437654173,35.782469135802465,140.57187500149502,35.773595679012345,140.57187500149502,35.75584876543209,140.59523437654173,35.74697530864197
140.59523437654173,35.81796296296296,0.4677890438913098,5.0,140.61859375158843,35.80908950617283,140.61859375158843,35.826836419753086,140.59523437654173,35.835709876543206,140.57187500149502,35.826836419753086,140.57187500149502,35.80908950617283,140.59523437654173,35.80021604938271
140.59523437654173,35.8712037037037,0.5742975733027844,14.0,140.61859375158843,35.86233024691357,140.61859375158843,35.880077160493826,140.59523437654173,35.888950617283946,140.57187500149502,35.880077160493826,140.57187500149502,35.86233024691357,140.59523437654173,35.85345679012345
140.64195312663517,35.71148148148148,0.34998270217445837,30.0,140.66531250168188,35.70260802469135,140.66531250168188,35.720354938271605,140.64195312663517,35.729228395061725,140.61859375158846,35.720354938271605,140.61859375158846,35.70260802469135,140.64195312663517,35.69373456790123
140.64195312663517,35.76472222222222,0.24486814207486796,12.0,140.66531250168188,35.75584876543209,140.66531250168188,35.773595679012345,140.64195312663517,35.782469135802465,140.61859375158846,35.773595679012345,140.61859375158846,35.75584876543209,140.64195312663517,35.74697530864197
140.64195312663517,35.81796296296296,0.39338652993238044,4.0,140.66531250168188,35.80908950617283,140.66531250168188,35.826836419753086,140.64195312663517,35.835709876543206,140.61859375158846,35.826836419753086,140.61859375158846,35.80908950617283,140.64195312663517,35.80021604938271
140.6886718767286,35.71148148148148,0.27325470836884186,19.0,140.7120312517753,35.70260802469135,140.7120312517753,35.720354938271605,140.6886718767286,35.729228395061725,140.66531250168188,35.720354938271605,140.66531250168188,35.70260802469135,140.6886718767286,35.69373456790123
140.6886718767286,35.76472222222222,0.31233669314867046,7.0,140.7120312517753,35.75584876543209,140.7120312517753,35.773595679012345,140.6886718767286,35.782469135802465,140.66531250168188,35.773595679012345,140.66531250168188,35.75584876543209,140.6886718767286,35.74697530864197
140.6886718767286,35.81796296296296,0.2537224121116318,12.0,140.7120312517753,35.80908950617283,140.7120312517753,35.826836419753086,140.6886718767286,35.835709876543206,140.66531250168188,35.826836419753086,140.66531250168188,35.80908950617283,140.6886718767286,35.80021604938271
140.73539062682204,35.71148148148148,0.32376601539053274,5.0,140.75875000186875,35.70260802469135,140.75875000186875,35.720354938271605,140.73539062682204,35.729228395061725,140.71203125177533,35.720354938271605,140.71203125177533,35.70260802469135,140.73539062682204,35.69373456790123
140.73539062682204,35.76472222222222,0.20397257062125884,4.0,140.75875000186875,35.75584876543209,140.75875000186875,35.773595679012345,140.73539062682204,35.782469135802465,140.71203125177533,35.773595679012345,140.71203125177533,35.75584876543209,140.73539062682204,35.74697530864197
140.78210937691549,35.71148148148148,0.3226479990416906,7.0,140.8054687519622,35.70260802469135,140.8054687519622,35.720354938271605,140.78210937691549,35.729228395061725,140.75875000186878,35.720354938271605,140.75875000186878,35.70260802469135,140.78210937691549,35.69373456790123
140.78210937691549,35.76472222222222,0.18871626956824394,6.0,140.8054687519622,35.75584876543209,140.8054687519622,35.773595679012345,140.78210937691549,35.782469135802465,140.75875000186878,35.773595679012345,140.75875000186878,35.75584876543209,140.78210937691549,35.74697530864197
140.8288281270089,35.71148148148148,0.2786074588292596,11.0,140.8521875020556,35.70260802469135,140.8521875020556,35.720354938271605,140.8288281270089,35.729228395061725,140.8054687519622,35.720354938271605,140.8054687519622,35.70260802469135,140.8288281270089,35.69373456790123
140.87554687710235,35.71148148148148,0.2891540235415022,4.0,140.89890625214906,35.70260802469135,140.89890625214906,35.720354938271605,140.87554687710235,35.729228395061725,140.85218750205564,35.720354938271605,140.85218750205564,35.70260802469135,140.87554687710235,35.69373456790123
